movie_id,num_ratings,avg_rating,release_year,unknown,Action,Adventure,Animation,Children's,Comedy,Crime,Documentary,Drama,Fantasy,Film-Noir,Horror,Musical,Mystery,Romance,Sci-Fi,Thriller,War,Western
242,117,3.9914529914529915,1996.0,0,0,0,0,0,1,0,0,0,0,0,0,0,0,0,0,0,0,0
302,297,4.161616161616162,1997.0,0,0,0,0,0,0,1,0,0,0,1,0,0,1,0,0,1,0,0
377,13,2.1538461538461537,1994.0,0,0,0,0,1,1,0,0,0,0,0,0,0,0,0,0,0,0,0
51,81,3.45679012345679,1994.0,0,0,0,0,0,0,0,0,1,0,0,0,0,0,1,0,0,1,1
346,126,3.642857142857143,1997.0,0,0,0,0,0,0,1,0,1,0,0,0,0,0,0,0,0,0,0
474,194,4.252577319587629,1963.0,0,0,0,0,0,0,0,0,0,0,0,0,0,0,0,1,0,1,0
265,227,3.8634361233480177,1990.0,0,1,0,0,0,0,0,0,0,0,0,0,0,0,0,0,1,0,0
465,85,3.5647058823529414,1994.0,0,0,1,0,1,0,0,0,0,0,0,0,0,0,1,0,0,0,0
451,170,3.347058823529412,1978.0,0,0,0,0,0,1,0,0,0,0,0,0,1,0,1,0,0,0,0
86,150,3.94,1993.0,0,0,0,0,0,0,0,0,1,0,0,0,0,0,0,0,0,0,0
257,303,3.745874587458746,1997.0,0,1,1,0,0,1,0,0,0,0,0,0,0,0,0,1,0,0,0
1014,98,3.061224489795918,1997.0,0,0,0,0,0,1,0,0,0,0,0,0,0,0,0,0,0,0,0
222,365,3.66027397260274,1996.0,0,1,1,0,0,0,0,0,0,0,0,0,0,0,0,1,0,0,0
40,57,2.8947368421052633,1995.0,0,0,0,0,0,1,0,0,0,0,0,0,0,0,0,0,0,0,0
29,114,2.6666666666666665,1995.0,0,1,1,0,0,1,1,0,0,0,0,0,0,0,0,0,0,0,0
785,39,3.1538461538461537,1994.0,0,0,0,0,0,1,0,0,0,0,0,0,0,0,1,0,0,0,0
387,65,3.3846153846153846,1993.0,0,0,0,0,0,0,0,0,1,0,0,0,0,0,0,0,0,0,0
274,190,3.5,1995.0,0,0,0,0,0,1,0,0,0,0,0,0,0,0,1,0,0,0,0
1042,28,3.142857142857143,1995.0,0,0,0,0,0,0,0,0,0,0,0,0,0,1,0,0,1,0,0
1184,10,2.5,1994.0,0,0,0,0,0,0,0,1,0,0,0,0,0,0,0,0,0,0,0
392,68,3.5441176470588234,1993.0,0,0,0,0,0,0,0,0,1,0,0,0,0,0,0,0,0,0,0
486,64,3.796875,1954.0,0,0,0,0,0,1,0,0,0,0,0,0,0,0,1,0,0,0,0
144,243,3.8724279835390947,1988.0,0,1,0,0,0,0,0,0,0,0,0,0,0,0,0,0,1,0,0
118,293,3.2150170648464163,1996.0,0,1,1,0,0,0,0,0,0,0,0,0,0,0,0,0,1,0,0
1,452,3.8783185840707963,1995.0,0,0,0,1,1,1,0,0,0,0,0,0,0,0,0,0,0,0,0
546,254,3.031496062992126,1996.0,0,1,0,0,0,0,0,0,0,0,0,0,0,0,0,0,1,0,0
95,219,3.8127853881278537,1992.0,0,0,0,1,1,1,0,0,0,0,0,0,1,0,0,0,0,0,0
768,52,3.076923076923077,1995.0,0,0,1,0,1,0,0,0,0,0,0,0,0,0,0,0,0,0,0
277,71,3.464788732394366,1995.0,0,0,0,0,0,0,0,0,1,0,0,0,0,0,0,0,0,0,0
234,280,3.775,1975.0,0,1,0,0,0,0,0,0,0,0,0,1,0,0,0,0,0,0,0
246,124,3.935483870967742,1997.0,0,0,0,0,0,0,0,0,1,0,0,0,0,0,1,0,0,0,0
98,390,4.28974358974359,1991.0,0,0,0,0,0,0,0,0,1,0,0,0,0,0,0,0,1,0,0
193,157,3.917197452229299,1983.0,0,0,0,0,0,0,0,0,1,0,0,0,0,0,0,0,0,0,0
88,213,3.539906103286385,1993.0,0,0,0,0,0,1,0,0,0,0,0,0,0,0,1,0,0,0,0
194,241,4.058091286307054,1973.0,0,0,0,0,0,1,1,0,0,0,0,0,0,0,0,0,0,0,0
1081,8,2.75,1996.0,0,0,0,0,0,0,1,0,0,0,0,0,0,0,0,0,0,0,0
603,209,4.3875598086124405,1954.0,0,0,0,0,0,0,0,0,0,0,0,0,0,1,0,0,1,0,0
796,36,3.0833333333333335,1994.0,0,0,0,0,0,1,0,0,0,0,0,0,0,0,1,0,0,0,0
32,81,3.7901234567901234,1994.0,0,0,0,0,0,0,0,1,0,0,0,0,0,0,0,0,0,0,0
16,39,3.2051282051282053,1995.0,0,0,0,0,0,1,0,0,0,0,0,0,0,0,1,0,0,0,0
304,149,3.5369127516778525,1996.0,0,0,1,0,1,0,0,0,0,0,0,0,0,0,0,0,0,0,0
979,35,3.2,1996.0,0,0,0,0,0,0,0,0,1,0,0,0,0,0,0,0,1,0,0
564,27,2.037037037037037,1995.0,0,0,0,0,0,1,0,0,0,0,0,1,0,0,0,0,0,0,0
327,175,3.3771428571428572,1997.0,0,0,0,0,0,0,1,0,1,0,0,0,0,1,0,0,0,0,0
201,89,3.5168539325842696,1987.0,0,1,1,0,0,1,0,0,0,0,0,1,0,0,0,0,0,0,0
1137,29,3.9655172413793105,1996.0,0,0,0,0,0,0,0,0,1,0,0,0,0,0,1,0,0,0,0
241,128,3.546875,1992.0,0,1,0,0,0,0,0,0,0,0,0,0,0,0,1,0,0,1,0
4,209,3.550239234449761,1995.0,0,1,0,0,0,1,0,0,1,0,0,0,0,0,0,0,0,0,0
332,143,3.4615384615384617,1997.0,0,0,0,0,0,0,1,0,1,0,0,0,0,0,0,0,1,0,0
100,508,4.155511811023622,1996.0,0,0,0,0,0,0,1,0,1,0,0,0,0,0,0,0,1,0,0
432,174,3.7701149425287355,1940.0,0,0,0,1,1,0,0,0,0,0,0,0,1,0,0,0,0,0,0
322,218,3.0871559633027523,1997.0,0,0,0,0,0,0,0,0,0,0,0,0,0,1,0,0,1,0,0
181,507,4.007889546351085,1983.0,0,1,1,0,0,0,0,0,0,0,0,0,0,0,1,1,0,1,0
196,251,3.9163346613545817,1989.0,0,0,0,0,0,0,0,0,1,0,0,0,0,0,0,0,0,0,0
679,107,3.046728971962617,1981.0,0,1,1,0,0,0,0,0,0,0,0,0,0,0,0,0,0,0,0
384,69,2.782608695652174,1994.0,0,0,0,0,0,1,0,0,0,0,0,0,0,0,0,0,0,0,0
143,222,3.765765765765766,1965.0,0,0,0,0,0,0,0,0,0,0,0,0,1,0,0,0,0,0,0
423,300,3.8333333333333335,1982.0,0,0,0,0,1,0,0,0,1,1,0,0,0,0,0,1,0,0,0
515,201,4.203980099502488,1981.0,0,1,0,0,0,0,0,0,1,0,0,0,0,0,0,0,0,1,0
20,72,3.4166666666666665,1995.0,0,0,0,0,0,0,0,0,1,0,0,0,0,0,1,0,0,0,0
288,478,3.4414225941422596,1996.0,0,0,0,0,0,0,0,0,0,0,0,1,0,0,0,0,1,0,0
219,111,3.171171171171171,1984.0,0,0,0,0,0,0,0,0,0,0,0,1,0,0,0,0,0,0,0
526,124,3.8306451612903225,1959.0,0,1,1,0,0,0,0,0,1,0,0,0,0,0,0,0,0,0,0
919,96,3.7916666666666665,1995.0,0,0,1,0,0,0,0,0,0,0,0,0,0,0,0,1,0,0,0
26,73,3.452054794520548,1995.0,0,0,0,0,0,1,0,0,0,0,0,0,0,0,0,0,0,0,0
232,101,3.207920792079208,1988.0,0,1,0,0,0,1,0,0,0,0,0,0,0,0,0,0,0,0,1
427,219,4.292237442922374,1962.0,0,0,0,0,0,0,0,0,1,0,0,0,0,0,0,0,0,0,0
512,57,4.0,1987.0,0,0,0,0,0,1,0,0,1,0,0,0,0,0,1,0,0,0,0
15,293,3.7781569965870307,1995.0,0,0,0,0,0,0,0,0,1,0,0,0,0,0,0,0,0,0,0
1049,25,2.52,1996.0,0,0,0,0,0,1,0,0,0,0,0,0,0,0,0,0,0,0,0
416,64,3.484375,1957.0,0,0,0,0,1,0,0,0,1,0,0,0,0,0,0,0,0,0,0
165,64,4.109375,1986.0,0,0,0,0,0,0,0,0,1,0,0,0,0,0,0,0,0,0,0
690,155,3.458064516129032,1997.0,0,0,0,0,0,0,0,0,1,0,0,0,0,0,0,0,0,1,0
248,160,3.675,1997.0,0,0,0,0,0,1,1,0,0,0,0,0,0,0,0,0,0,0,0
1444,19,2.473684210526316,1965.0,0,0,0,0,1,1,0,0,0,0,0,0,0,1,0,0,0,0,0
5,86,3.302325581395349,1995.0,0,0,0,0,0,0,1,0,1,0,0,0,0,0,0,0,1,0,0
229,171,3.111111111111111,1984.0,0,1,1,0,0,0,0,0,0,0,0,0,0,0,0,1,0,0,0
237,384,3.7109375,1996.0,0,0,0,0,0,0,0,0,1,0,0,0,0,0,1,0,0,0,0
480,179,4.284916201117318,1959.0,0,0,0,0,0,1,0,0,0,0,0,0,0,0,0,0,1,0,0
54,104,3.2403846153846154,1995.0,0,1,0,0,0,0,0,0,1,0,0,0,0,0,0,0,1,0,0
366,47,3.3404255319148937,1995.0,0,0,0,0,0,0,0,0,1,0,0,0,0,0,0,0,0,0,0
518,89,3.651685393258427,1990.0,0,0,0,0,0,0,0,0,1,0,0,0,0,0,0,0,0,0,0
403,201,3.427860696517413,1989.0,0,1,1,0,0,0,1,0,1,0,0,0,0,0,0,0,0,0,0
111,272,3.485294117647059,1996.0,0,0,0,0,0,1,0,0,0,0,0,0,0,0,1,0,0,0,0
625,82,3.3292682926829267,1963.0,0,0,0,1,1,0,0,0,0,0,0,0,0,0,0,0,0,0,0
338,91,2.659340659340659,1997.0,0,0,0,0,0,1,0,0,0,0,0,0,0,0,0,0,0,0,0
25,293,3.4436860068259385,1996.0,0,0,0,0,0,1,0,0,0,0,0,0,0,0,0,0,0,0,0
1016,137,3.45985401459854,1997.0,0,1,1,0,0,0,0,0,0,0,0,0,0,0,0,0,1,0,0
154,174,3.7471264367816093,1979.0,0,0,0,0,0,1,0,0,0,0,0,0,0,0,0,0,0,0,0
275,268,4.0111940298507465,1995.0,0,0,0,0,0,0,0,0,1,0,0,0,0,0,1,0,0,0,0
1153,19,3.473684210526316,1993.0,0,0,0,0,0,0,0,0,1,0,0,0,1,0,0,0,0,0,0
498,152,4.184210526315789,1951.0,0,1,1,0,0,0,0,0,0,0,0,0,0,0,1,0,0,1,0
382,111,3.5945945945945947,1994.0,0,0,0,0,0,1,0,0,1,0,0,0,0,0,0,0,0,0,0
209,191,3.905759162303665,1984.0,0,0,0,0,0,1,0,0,1,0,0,0,1,0,0,0,0,0,0
23,182,4.1208791208791204,1976.0,0,0,0,0,0,0,0,0,1,0,0,0,0,0,0,0,1,0,0
294,485,3.156701030927835,1997.0,0,0,0,0,0,1,0,0,0,0,0,0,0,0,0,0,0,0,0
208,200,3.945,1974.0,0,0,0,0,0,1,0,0,0,0,0,1,0,0,0,0,0,0,0
685,157,3.356687898089172,1996.0,0,1,0,0,0,0,0,0,0,0,0,0,0,0,0,0,1,0,0
328,295,3.4237288135593222,1997.0,0,1,0,0,0,0,0,0,0,0,0,0,0,1,1,0,1,0,0
496,231,4.121212121212121,1946.0,0,0,0,0,0,0,0,0,1,0,0,0,0,0,0,0,0,0,0
132,246,4.0772357723577235,1939.0,0,0,1,0,1,0,0,0,1,0,0,0,1,0,0,0,0,0,0
174,420,4.252380952380952,1981.0,0,1,1,0,0,0,0,0,0,0,0,0,0,0,0,0,0,0,0
96,295,4.0067796610169495,1991.0,0,1,0,0,0,0,0,0,0,0,0,0,0,0,0,1,1,0,0
151,326,3.6319018404907975,1971.0,0,0,1,0,1,1,0,0,0,0,0,0,0,0,0,0,0,0,0
307,188,3.515957446808511,1997.0,0,0,0,0,0,0,1,0,0,0,0,1,0,1,0,0,1,0,0
648,67,4.029850746268656,1952.0,0,0,0,0,0,1,0,0,0,0,0,0,0,0,1,0,0,0,0
21,84,2.761904761904762,1996.0,0,1,1,0,0,1,0,0,0,0,0,0,1,0,0,0,1,0,0
832,22,2.5454545454545454,1996.0,0,0,0,0,1,0,0,0,1,1,0,0,0,0,0,0,0,0,0
514,180,3.911111111111111,1977.0,0,0,0,0,0,1,0,0,0,0,0,0,0,0,1,0,0,0,0
789,47,3.574468085106383,1995.0,0,0,0,0,0,1,0,0,1,0,0,0,0,0,0,0,0,0,0
485,125,3.816,1964.0,0,0,0,0,0,0,0,0,0,0,0,0,1,0,1,0,0,0,0
317,102,3.911764705882353,1993.0,0,0,0,0,0,0,0,0,1,0,0,0,0,0,0,0,0,0,0
195,301,3.9335548172757475,1984.0,0,1,0,0,0,0,0,0,0,0,0,0,0,0,0,1,1,0,0
200,206,3.825242718446602,1980.0,0,0,0,0,0,0,0,0,0,0,0,1,0,0,0,0,0,0,0
385,208,3.5625,1994.0,0,1,1,0,0,1,0,0,0,0,0,0,0,0,1,0,0,0,0
750,124,3.8548387096774195,1997.0,0,0,0,0,0,0,0,0,1,0,0,0,0,0,0,0,0,0,0
264,101,2.742574257425743,1997.0,0,0,0,0,0,0,0,0,0,0,0,0,0,0,0,1,1,0,0
245,240,3.1083333333333334,1997.0,0,1,0,0,0,0,0,0,1,0,0,0,0,0,0,0,1,1,0
135,259,3.969111969111969,1968.0,0,0,0,0,0,0,0,0,1,0,0,0,0,1,0,1,1,0,0
1147,21,3.6666666666666665,1995.0,0,0,0,0,0,0,0,0,1,0,0,0,0,0,0,0,0,0,0
471,221,3.6108597285067874,1996.0,0,0,0,0,0,0,0,0,1,0,0,0,0,0,0,0,0,1,0
658,79,3.4177215189873418,1990.0,0,0,0,0,0,0,0,0,1,0,0,0,0,0,0,0,0,0,0
140,61,3.2131147540983607,1993.0,0,0,1,0,1,0,0,0,0,0,0,0,0,0,0,0,0,0,0
379,43,2.9767441860465116,1995.0,0,0,0,0,0,0,0,0,0,0,0,1,0,0,0,0,0,0,0
815,112,3.232142857142857,1996.0,0,0,0,0,0,0,0,0,1,0,0,0,0,0,1,0,0,0,0
479,179,4.251396648044692,1958.0,0,0,0,0,0,0,0,0,0,0,0,0,0,1,0,0,1,0,0
368,31,1.903225806451613,1996.0,0,0,0,0,0,1,0,0,0,0,0,0,0,0,0,0,0,0,0
1211,12,3.4166666666666665,1994.0,0,0,0,0,0,0,0,0,1,0,0,0,0,0,1,0,0,0,0
1134,38,3.3157894736842106,1996.0,0,0,0,0,0,0,0,0,1,0,0,0,0,0,0,0,0,0,0
836,26,3.769230769230769,1939.0,0,0,0,0,0,1,0,0,0,0,0,0,0,0,1,0,0,0,0
272,198,4.262626262626263,1997.0,0,0,0,0,0,0,0,0,1,0,0,0,0,0,0,0,0,0,0
756,128,2.8984375,1995.0,0,0,0,0,0,1,0,0,0,0,0,0,0,0,0,0,0,0,0
787,13,3.230769230769231,1995.0,0,0,0,0,0,1,0,0,1,0,0,0,0,0,0,0,0,0,0
14,183,3.9672131147540983,1994.0,0,0,0,0,0,0,0,0,1,0,0,0,0,0,1,0,0,0,0
955,49,3.4081632653061225,1995.0,0,0,0,0,0,0,0,0,1,0,0,0,0,0,1,0,0,0,0
419,178,3.7247191011235956,1964.0,0,0,0,0,1,1,0,0,0,0,0,0,1,0,0,0,0,0,0
405,344,3.313953488372093,1996.0,0,1,1,0,0,0,0,0,0,0,0,0,0,1,0,0,0,0,0
504,122,3.819672131147541,1967.0,0,0,0,0,0,0,1,0,1,0,0,0,0,0,0,0,0,0,0
466,52,3.5961538461538463,1992.0,0,0,0,0,0,0,0,0,0,0,0,0,0,0,0,0,1,0,0
268,255,3.792156862745098,1997.0,0,0,0,0,0,0,0,0,1,0,0,0,0,0,1,0,0,0,0
117,378,3.693121693121693,1996.0,0,1,1,0,0,0,0,0,0,0,0,0,0,0,0,0,1,0,0
273,223,3.569506726457399,1995.0,0,1,0,0,0,0,1,0,0,0,0,0,0,0,0,0,1,0,0
559,137,3.1824817518248176,1994.0,0,0,0,0,0,0,0,0,1,0,0,1,0,0,0,0,0,0,0
794,46,3.652173913043478,1994.0,0,0,0,0,0,0,0,0,1,0,0,0,0,0,1,0,0,0,0
323,240,2.933333333333333,1997.0,0,1,0,0,0,0,0,0,0,0,0,0,0,0,0,0,1,0,0
177,137,3.8613138686131387,1966.0,0,1,0,0,0,0,0,0,0,0,0,0,0,0,0,0,0,0,1
231,142,2.683098591549296,1992.0,0,1,1,0,0,1,1,0,0,0,0,0,0,0,0,0,0,0,0
2,131,3.2061068702290076,1995.0,0,1,1,0,0,0,0,0,0,0,0,0,0,0,0,0,1,0,0
137,171,3.9005847953216373,1996.0,0,0,0,0,0,0,0,0,1,0,0,0,0,0,0,0,0,0,0
1336,10,1.8,1996.0,0,0,0,0,1,1,0,0,0,1,0,0,0,0,0,0,0,0,0
164,151,3.589403973509934,1989.0,0,1,1,0,0,0,0,0,0,0,0,0,0,0,0,1,1,0,0
281,146,3.143835616438356,1994.0,0,1,0,0,0,0,0,0,0,0,0,0,0,0,0,0,1,0,0
1240,26,3.6538461538461537,1995.0,0,0,0,1,0,0,0,0,0,0,0,0,0,0,0,1,0,0,0
298,194,3.768041237113402,1997.0,0,1,0,0,0,0,0,0,0,0,0,0,0,0,0,1,1,0,0
443,162,3.808641975308642,1963.0,0,0,0,0,0,0,0,0,0,0,0,1,0,0,0,0,0,0,0
1035,68,3.161764705882353,1993.0,0,0,0,0,0,1,0,0,0,0,0,0,0,0,0,0,0,0,0
79,336,4.044642857142857,1993.0,0,1,0,0,0,0,0,0,0,0,0,0,0,0,0,0,1,0,0
258,509,3.8035363457760316,1997.0,0,0,0,0,0,0,0,0,1,0,0,0,0,0,0,1,0,0,0
455,145,3.2551724137931033,1996.0,0,1,0,0,0,0,0,0,0,0,0,0,0,0,0,0,0,0,0
755,96,3.3125,1995.0,0,1,1,0,1,0,0,0,0,1,0,0,0,0,0,1,0,0,0
673,86,3.5232558139534884,1962.0,0,0,0,0,0,0,0,0,0,0,1,0,0,0,0,0,1,0,0
172,367,4.204359673024523,1980.0,0,1,1,0,0,0,0,0,1,0,0,0,0,0,1,1,0,1,0
1217,39,2.871794871794872,1995.0,0,0,0,0,0,0,0,0,0,0,0,0,0,0,0,0,1,0,0
719,29,2.413793103448276,1994.0,0,0,0,0,0,1,0,0,0,0,0,0,0,0,0,0,0,1,0
1267,33,3.0,1995.0,0,0,0,0,0,0,0,0,1,0,0,0,0,0,0,0,0,0,0
930,80,2.7,1996.0,0,1,1,0,0,0,0,0,0,0,0,0,0,0,0,0,1,0,0
216,290,3.910344827586207,1989.0,0,0,0,0,0,1,0,0,0,0,0,0,0,0,1,0,0,0,0
1079,45,2.2444444444444445,1996.0,0,0,0,0,0,1,0,0,0,0,0,0,1,0,0,0,0,0,0
452,66,2.6666666666666665,1978.0,0,1,0,0,0,0,0,0,0,0,0,1,0,0,0,0,0,0,0
61,59,3.864406779661017,1994.0,0,0,0,0,0,0,0,0,1,0,0,0,0,0,0,0,0,0,0
48,117,4.094017094017094,1994.0,0,0,0,0,0,0,0,1,0,0,0,0,0,0,0,0,0,0,0
360,10,3.2,1997.0,0,0,0,0,0,0,0,1,0,0,0,0,0,0,0,0,0,0,0
77,151,3.2781456953642385,1993.0,0,0,0,0,0,0,0,0,1,0,0,0,0,0,0,0,1,0,0
476,160,3.01875,1996.0,0,0,0,0,0,1,0,0,0,0,0,0,0,0,0,0,0,0,0
483,243,4.45679012345679,1942.0,0,0,0,0,0,0,0,0,1,0,0,0,0,0,1,0,0,1,0
748,316,3.1234177215189876,1997.0,0,1,0,0,0,0,0,0,0,0,0,0,0,0,1,0,1,0,0
220,66,3.3636363636363638,1996.0,0,0,0,0,0,1,0,0,0,0,0,0,0,0,1,0,0,0,0
255,172,3.36046511627907,1997.0,0,0,0,0,0,1,0,0,0,0,0,0,0,0,1,0,0,0,0
280,85,3.1882352941176473,1996.0,0,0,0,0,0,0,0,0,1,0,0,0,0,0,1,0,0,0,0
202,280,3.7642857142857142,1993.0,0,0,0,0,0,1,0,0,0,0,0,0,0,0,1,0,0,0,0
408,112,4.491071428571429,1995.0,0,0,0,1,0,1,0,0,0,0,0,0,0,0,0,0,1,0,0
235,217,2.847926267281106,1996.0,0,1,0,0,0,1,0,0,0,0,0,0,0,0,0,1,0,1,0
228,244,3.8155737704918034,1982.0,0,1,1,0,0,0,0,0,0,0,0,0,0,0,0,1,0,0,0
1098,42,3.6904761904761907,1996.0,0,0,0,0,0,1,0,0,0,0,0,0,0,0,0,0,0,0,0
347,137,3.510948905109489,1997.0,0,0,0,0,0,1,0,0,1,0,0,0,0,0,0,0,0,0,0
178,125,4.344,1957.0,0,0,0,0,0,0,0,0,1,0,0,0,0,0,0,0,0,0,0
478,104,4.115384615384615,1940.0,0,0,0,0,0,1,0,0,0,0,0,0,0,0,1,0,0,0,0
688,44,1.8409090909090908,1997.0,0,0,0,0,0,1,0,0,0,0,0,0,0,0,0,0,0,0,0
10,89,3.831460674157303,1995.0,0,0,0,0,0,0,0,0,1,0,0,0,0,0,0,0,0,1,0
127,413,4.283292978208232,1972.0,0,1,0,0,0,0,1,0,1,0,0,0,0,0,0,0,0,0,0
106,71,2.887323943661972,1996.0,0,0,0,0,0,0,0,0,1,0,0,0,0,0,0,0,1,0,0
69,321,3.853582554517134,1994.0,0,0,0,0,0,1,0,0,0,0,0,0,0,0,1,0,0,1,0
944,43,3.0,1994.0,0,0,0,0,0,1,0,0,1,0,0,0,0,0,0,0,0,1,0
790,66,2.909090909090909,1995.0,0,0,0,0,0,1,0,0,0,0,0,0,0,0,0,0,0,0,0
1091,43,2.7209302325581395,1977.0,0,0,1,1,1,0,0,0,0,0,0,0,1,0,0,0,0,0,0
214,114,3.3508771929824563,1982.0,0,0,0,0,0,0,0,0,1,0,0,0,1,0,0,0,0,1,0
1028,148,3.0405405405405403,1995.0,0,0,0,0,0,1,0,0,0,0,0,0,0,0,1,0,0,0,0
554,102,2.803921568627451,1995.0,0,1,1,0,0,0,0,0,0,0,0,0,0,0,0,0,0,0,0
109,130,3.4307692307692306,1996.0,0,0,0,0,0,1,0,0,0,0,0,0,0,0,0,1,0,0,0
171,65,3.876923076923077,1991.0,0,0,0,0,0,1,0,0,0,0,0,0,0,0,0,1,0,0,0
318,298,4.466442953020135,1993.0,0,0,0,0,0,0,0,0,1,0,0,0,0,0,0,0,0,1,0
568,230,3.6478260869565218,1994.0,0,1,0,0,0,0,0,0,0,0,0,0,0,0,1,0,1,0,0
842,27,3.1481481481481484,1960.0,0,0,0,0,1,1,0,0,1,0,0,0,0,0,0,0,0,0,0
65,115,3.5391304347826087,1993.0,0,0,0,0,0,1,0,0,1,0,0,0,0,0,0,0,0,0,0
591,178,3.601123595505618,1996.0,0,0,0,0,0,0,0,0,1,0,0,0,0,0,0,0,1,0,0
401,76,2.8026315789473686,1995.0,0,0,0,0,0,1,0,0,0,0,0,0,0,0,0,0,0,0,0
339,47,3.25531914893617,1997.0,0,1,0,0,0,0,0,0,1,0,0,0,0,0,0,0,0,0,0
746,119,3.6638655462184873,1985.0,0,0,0,0,0,1,0,0,0,0,0,0,0,0,0,0,0,0,0
68,134,3.417910447761194,1994.0,0,1,0,0,0,0,0,0,0,0,0,0,0,0,1,0,1,0,0
7,392,3.798469387755102,1995.0,0,0,0,0,0,0,0,0,1,0,0,0,0,0,0,1,0,0,0
1018,32,3.1875,1990.0,0,0,0,0,0,0,0,0,1,0,0,0,0,0,0,0,0,0,0
218,171,3.456140350877193,1991.0,0,0,0,0,0,0,0,0,0,0,0,0,0,0,0,0,1,0,0
623,39,2.923076923076923,1994.0,0,0,0,0,1,1,0,0,0,0,0,0,0,0,0,0,0,0,0
334,64,3.359375,1997.0,0,1,0,0,0,0,1,0,0,0,0,0,0,1,0,0,0,0,0
344,55,3.6545454545454548,1997.0,0,0,0,0,0,0,0,0,1,0,0,0,0,0,0,0,0,0,0
145,65,2.4461538461538463,1992.0,0,1,0,0,0,0,0,0,0,0,0,0,0,0,0,1,1,0,0
56,394,4.060913705583756,1994.0,0,0,0,0,0,0,1,0,1,0,0,0,0,0,0,0,0,0,0
89,275,4.138181818181818,1982.0,0,0,0,0,0,0,0,0,0,0,1,0,0,0,0,1,0,0,0
141,72,3.5,1954.0,0,0,1,0,1,0,0,0,0,1,0,0,0,0,0,1,0,0,0
576,93,3.021505376344086,1993.0,0,1,1,0,0,0,1,0,0,0,0,0,0,0,0,0,0,0,0
133,171,3.871345029239766,1939.0,0,0,0,0,0,0,0,0,1,0,0,0,0,0,1,0,0,1,0
153,247,3.785425101214575,1988.0,0,0,0,0,0,1,0,0,0,0,0,0,0,0,0,0,0,0,0
813,56,3.892857142857143,1995.0,0,0,0,0,0,0,0,1,0,0,0,0,0,0,0,0,0,0,0
872,42,3.0952380952380953,1997.0,0,0,0,0,0,0,0,0,0,0,0,0,0,0,1,0,0,0,0
146,10,2.5,1996.0,0,0,0,0,0,0,0,0,1,0,0,0,0,0,0,0,0,0,0
507,98,3.816326530612245,1951.0,0,0,0,0,0,0,0,0,1,0,0,0,0,0,0,0,0,0,0
367,170,3.458823529411765,1995.0,0,0,0,0,0,1,0,0,0,0,0,0,0,0,0,0,0,0,0
468,64,3.3125,1993.0,0,0,0,0,0,0,0,0,1,0,0,0,0,0,0,0,0,0,0
595,64,3.09375,1996.0,0,0,0,0,0,0,0,0,0,0,0,0,0,0,0,0,1,0,0
11,236,3.847457627118644,1995.0,0,0,0,0,0,0,1,0,0,0,0,0,0,0,0,0,1,0,0
520,124,4.104838709677419,1963.0,0,0,1,0,0,0,0,0,0,0,0,0,0,0,0,0,0,1,0
82,261,3.7203065134099615,1993.0,0,1,1,0,0,0,0,0,0,0,0,0,0,0,0,1,0,0,0
501,123,3.4959349593495936,1941.0,0,0,0,1,1,0,0,0,0,0,0,0,1,0,0,0,0,0,0
3,90,3.033333333333333,1995.0,0,0,0,0,0,0,0,0,0,0,0,0,0,0,0,0,1,0,0
695,13,2.923076923076923,1995.0,0,0,0,0,0,1,0,0,1,0,0,0,0,0,0,0,0,0,0
198,127,4.0078740157480315,1990.0,0,0,0,0,0,0,0,0,0,0,0,0,0,0,0,0,1,0,0
189,66,4.106060606060606,1992.0,0,0,0,1,0,1,0,0,0,0,0,0,0,0,0,0,0,0,0
767,11,2.1818181818181817,1995.0,0,0,0,0,0,0,0,0,0,0,0,1,0,0,0,0,0,0,0
705,137,3.9927007299270074,1952.0,0,0,0,0,0,0,0,0,0,0,0,0,1,0,1,0,0,0,0
64,283,4.445229681978798,1994.0,0,0,0,0,0,0,0,0,1,0,0,0,0,0,0,0,0,0,0
357,264,4.291666666666667,1975.0,0,0,0,0,0,0,0,0,1,0,0,0,0,0,0,0,0,0,0
484,138,4.2101449275362315,1941.0,0,0,0,0,0,0,0,0,0,0,1,0,0,1,0,0,0,0,0
508,215,3.5953488372093023,1996.0,0,0,0,0,0,0,0,0,1,0,0,0,0,0,0,0,0,0,0
303,134,3.6865671641791047,1997.0,0,0,0,0,0,0,0,0,1,0,0,0,0,0,0,0,0,0,0
215,212,3.69811320754717,1989.0,0,0,0,0,0,0,0,0,1,0,0,0,0,0,0,0,0,0,0
749,51,3.176470588235294,1997.0,0,0,0,0,0,1,0,0,0,0,0,0,0,0,1,0,0,0,0
829,34,2.6470588235294117,1996.0,0,1,1,0,0,0,0,0,0,0,0,0,0,0,0,0,0,0,0
204,350,3.834285714285714,1985.0,0,0,0,0,0,1,0,0,0,0,0,0,0,0,0,1,0,0,0
1295,7,2.5714285714285716,1997.0,0,0,0,0,0,1,0,0,1,0,0,0,0,0,0,0,0,0,0
33,97,3.4536082474226806,1995.0,0,1,0,0,0,0,0,0,0,0,0,0,0,0,1,0,1,0,0
160,69,3.463768115942029,1992.0,0,0,0,0,0,0,0,0,1,0,0,0,0,0,0,0,0,0,0
321,169,3.1301775147928996,1996.0,0,0,0,0,0,1,0,0,0,0,0,0,0,0,0,0,0,0,0
343,124,3.096774193548387,1997.0,0,1,0,0,0,0,0,0,0,0,0,1,0,0,0,1,0,0,0
227,161,3.279503105590062,1991.0,0,1,1,0,0,0,0,0,0,0,0,0,0,0,0,1,0,0,0
191,276,4.163043478260869,1984.0,0,0,0,0,0,0,0,0,1,0,0,0,0,1,0,0,0,0,0
903,18,3.111111111111111,1997.0,0,0,0,0,0,0,0,0,1,0,0,0,0,0,1,0,0,0,0
183,291,4.034364261168385,1979.0,0,1,0,0,0,0,0,0,0,0,0,1,0,0,0,1,1,0,0
724,76,3.486842105263158,1995.0,0,0,0,0,0,0,0,0,1,0,0,0,0,0,1,0,0,0,0
430,93,4.0,1933.0,0,0,0,0,0,1,0,0,0,0,0,0,0,0,0,0,0,1,0
1197,45,3.5555555555555554,1996.0,0,0,0,0,0,1,0,0,1,0,0,0,0,0,0,0,0,0,0
134,198,4.292929292929293,1941.0,0,0,0,0,0,0,0,0,1,0,0,0,0,0,0,0,0,0,0
751,180,3.4277777777777776,1997.0,0,1,0,0,0,0,0,0,0,0,0,0,0,0,1,0,1,0,0
212,92,3.4565217391304346,1988.0,0,0,0,0,0,0,0,0,1,0,0,0,0,0,0,0,0,0,0
256,16,3.5625,1996.0,0,0,0,0,0,1,0,0,0,0,0,0,0,0,1,0,0,0,0
662,82,3.426829268292683,1980.0,0,0,0,0,0,0,0,0,1,0,0,0,0,0,1,0,0,0,0
984,44,2.8636363636363638,1997.0,0,0,0,0,0,0,0,0,0,0,0,0,0,0,0,0,1,0,0
1067,44,3.4545454545454546,1996.0,0,0,0,0,0,1,0,0,0,0,0,0,0,0,0,0,0,0,0
410,162,3.1296296296296298,1996.0,0,0,0,0,0,1,0,0,0,0,0,0,0,0,0,0,0,0,0
879,136,3.2720588235294117,1997.0,0,1,0,0,0,0,0,0,0,0,0,0,0,0,0,0,1,1,0
271,211,3.2322274881516586,1997.0,0,1,1,0,0,0,0,0,0,0,0,0,0,0,0,1,0,1,0
1086,21,3.2857142857142856,1995.0,0,0,0,0,0,0,0,0,1,0,0,0,0,0,0,0,0,0,0
649,50,3.4,1984.0,0,0,0,0,0,0,1,0,1,0,0,0,0,0,0,0,1,0,0
951,39,2.8205128205128207,1995.0,0,0,1,0,1,0,0,0,0,1,0,0,0,0,0,0,0,0,0
197,239,4.104602510460251,1967.0,0,0,0,0,0,0,0,0,1,0,0,0,0,0,1,0,0,0,0
678,219,2.808219178082192,1997.0,0,0,0,0,0,0,0,0,1,0,0,0,0,0,0,0,1,0,0
199,165,4.175757575757576,1957.0,0,0,0,0,0,0,0,0,1,0,0,0,0,0,0,0,0,1,0
709,104,4.028846153846154,1992.0,0,0,0,0,0,1,0,0,0,0,0,0,0,0,1,0,0,0,0
169,118,4.466101694915254,1993.0,0,0,0,1,0,1,0,0,0,0,0,0,0,0,0,0,0,0,0
597,206,3.150485436893204,1996.0,0,1,0,0,0,0,0,0,0,0,0,0,0,0,0,0,1,0,0
1393,9,2.111111111111111,1997.0,0,1,0,0,0,0,0,0,0,0,0,0,0,0,0,0,1,0,0
333,251,3.593625498007968,1997.0,0,0,0,0,0,0,0,0,0,0,0,0,0,1,0,0,1,0,0
1115,29,3.413793103448276,1996.0,0,0,0,0,0,1,0,0,1,0,0,0,0,0,1,0,0,0,0
577,41,2.2195121951219514,1993.0,0,0,0,0,0,1,0,0,0,0,0,0,0,0,0,1,0,0,0
378,101,3.722772277227723,1994.0,0,0,0,0,0,0,0,0,1,0,0,0,0,0,0,0,0,0,0
425,85,3.7411764705882353,1992.0,0,0,0,0,0,1,0,0,0,0,0,0,0,0,0,0,0,0,0
959,64,3.46875,1993.0,0,0,0,0,0,1,0,0,0,0,0,0,0,0,0,0,0,0,0
1224,12,2.6666666666666665,1994.0,0,0,0,0,0,0,0,0,1,0,0,0,0,0,0,0,0,0,0
1017,50,3.24,1996.0,0,0,0,0,0,0,0,0,1,0,0,0,0,0,0,0,0,0,0
175,208,3.8173076923076925,1985.0,0,0,0,0,0,0,0,0,0,0,0,0,0,0,0,1,0,0,0
286,481,3.656964656964657,1996.0,0,0,0,0,0,0,0,0,1,0,0,0,0,0,1,0,0,1,0
558,70,3.6714285714285713,1994.0,0,0,0,0,0,0,0,0,1,1,0,0,0,0,0,0,1,0,0
66,162,3.549382716049383,1995.0,0,0,0,0,0,1,0,0,0,0,0,0,0,0,1,0,0,0,0
206,50,3.38,1988.0,0,0,1,1,0,0,0,0,0,0,0,0,0,0,0,1,1,0,0
402,170,3.4647058823529413,1990.0,0,0,0,0,0,1,0,0,0,0,0,0,0,0,1,0,1,0,0
640,82,3.024390243902439,1989.0,0,0,0,0,0,0,0,0,1,0,0,0,0,0,0,0,0,0,0
522,35,3.7714285714285714,1986.0,0,0,0,0,0,1,0,0,1,0,0,0,0,0,0,0,0,0,0
62,127,3.141732283464567,1994.0,0,1,1,0,0,0,0,0,0,0,0,0,0,0,0,1,0,0,0
12,267,4.385767790262173,1995.0,0,0,0,0,0,0,1,0,0,0,0,0,0,0,0,0,1,0,0
291,127,3.37007874015748,1997.0,0,0,0,0,0,0,0,0,0,0,0,0,0,1,0,0,1,0,0
462,148,3.804054054054054,1992.0,0,0,0,0,0,0,0,0,1,0,0,0,0,0,1,0,0,0,0
612,34,3.9411764705882355,1937.0,0,0,0,0,0,0,0,0,1,0,0,0,0,0,0,0,0,0,0
758,21,1.7142857142857142,1996.0,0,0,0,0,0,0,0,0,0,0,0,0,0,0,0,1,1,0,0
845,176,3.465909090909091,1996.0,0,0,0,0,0,1,0,0,0,0,0,0,0,0,0,0,0,0,0
163,92,3.5543478260869565,1974.0,0,0,0,0,0,1,0,0,0,0,0,0,0,0,0,0,0,0,0
1451,15,3.8666666666666667,1940.0,0,0,0,0,0,0,0,0,0,0,0,0,0,0,0,0,1,0,0
250,197,3.4771573604060912,1997.0,0,1,0,0,0,0,0,0,0,0,0,0,0,0,0,1,0,0,0
823,82,2.8780487804878048,1996.0,0,0,0,0,0,0,1,0,0,0,1,0,0,0,0,0,1,0,0
186,251,3.8366533864541834,1980.0,0,1,0,0,0,1,0,0,0,0,0,0,1,0,0,0,0,0,0
731,39,3.1538461538461537,1994.0,0,0,0,0,0,1,0,0,1,0,0,0,0,0,1,0,0,0,0
71,220,3.7818181818181817,1994.0,0,0,0,1,1,0,0,0,0,0,0,0,1,0,0,0,0,0,0
781,84,3.3333333333333335,1995.0,0,0,0,0,0,1,0,0,0,0,0,0,0,0,1,0,0,0,0
176,284,3.9471830985915495,1986.0,0,1,0,0,0,0,0,0,0,0,0,0,0,0,0,1,1,1,0
1181,10,2.5,1994.0,0,1,0,0,0,1,0,0,0,0,0,0,0,0,0,0,0,0,0
78,33,2.4545454545454546,1993.0,0,0,1,0,1,0,0,0,1,0,0,0,0,0,0,0,0,0,0
436,99,3.5353535353535355,1981.0,0,0,0,0,0,0,0,0,0,0,0,1,0,0,0,0,0,0,0
631,119,3.6218487394957983,1992.0,0,1,0,0,0,0,0,0,1,0,0,0,0,0,1,0,0,1,0
716,58,3.1551724137931036,1995.0,0,0,0,0,0,0,0,0,1,0,0,0,0,0,1,0,0,0,0
188,170,3.6823529411764704,1987.0,0,1,0,0,0,0,0,0,1,0,0,0,0,0,0,0,0,1,0
699,102,3.676470588235294,1994.0,0,0,0,0,0,0,0,0,1,0,0,0,0,0,0,0,0,0,0
604,81,4.012345679012346,1934.0,0,0,0,0,0,1,0,0,0,0,0,0,0,0,0,0,0,0,0
97,256,3.79296875,1990.0,0,0,1,0,0,0,0,0,1,0,0,0,0,0,0,0,0,0,1
173,324,4.172839506172839,1987.0,0,1,1,0,0,1,0,0,0,0,0,0,0,0,1,0,0,0,0
460,28,3.0,1995.0,0,0,0,0,0,0,0,0,1,0,0,0,0,0,0,0,0,0,0
715,87,3.2758620689655173,1995.0,0,0,0,0,0,1,0,0,1,0,0,0,0,0,0,0,0,0,0
17,92,3.119565217391304,1996.0,0,1,0,0,0,1,1,0,0,0,0,1,0,0,0,0,1,0,0
315,160,4.1,1998.0,0,0,0,0,0,0,0,0,1,0,0,0,0,0,0,0,1,0,0
505,68,4.0,1954.0,0,0,0,0,0,0,0,0,0,0,0,0,0,1,0,0,1,0,0
279,28,3.2857142857142856,1995.0,0,0,0,0,0,0,0,0,1,0,0,0,0,0,0,0,0,0,0
80,68,2.764705882352941,1993.0,0,1,0,0,0,1,0,0,0,0,0,0,0,0,0,0,0,1,0
238,256,3.875,1987.0,0,0,0,0,0,1,0,0,0,0,0,0,0,0,0,0,0,0,0
60,64,4.015625,1993.0,0,0,0,0,0,0,0,0,1,0,0,0,0,0,0,0,0,0,0
325,128,2.546875,1996.0,0,0,0,0,0,0,0,0,1,0,0,0,0,0,0,0,1,0,0
407,43,2.511627906976744,1996.0,0,0,0,0,0,1,0,0,0,0,0,0,0,0,0,0,0,0,0
531,129,3.9224806201550386,1996.0,0,0,0,0,0,0,0,0,1,0,0,0,0,0,1,0,0,0,0
587,14,3.5714285714285716,1993.0,0,0,0,0,0,0,0,0,1,0,0,0,0,1,0,0,0,0,0
892,53,2.7547169811320753,1997.0,0,0,0,0,1,1,0,0,0,1,0,0,0,0,0,0,0,0,0
1047,134,2.8358208955223883,1996.0,0,0,0,0,0,1,0,0,0,0,0,0,0,0,0,0,0,0,0
47,133,3.601503759398496,1994.0,0,0,0,0,0,1,0,0,1,0,0,0,0,0,0,0,0,0,0
217,120,3.158333333333333,1992.0,0,0,0,0,0,0,0,0,0,0,0,1,0,0,1,0,0,0,0
259,162,2.685185185185185,1997.0,0,0,0,0,1,1,0,0,0,0,0,0,0,0,0,0,0,0,0
596,127,3.377952755905512,1996.0,0,0,0,1,1,0,0,0,0,0,0,0,1,0,0,0,0,0,0
960,25,3.24,1993.0,0,0,0,0,0,0,0,0,1,0,0,0,0,0,0,0,0,0,0
211,206,3.912621359223301,1970.0,0,0,0,0,0,1,0,0,0,0,0,0,0,0,0,0,0,1,0
938,25,2.88,1997.0,0,0,0,0,0,1,0,0,0,0,0,0,0,0,1,0,0,0,0
1060,39,3.051282051282051,1996.0,0,0,1,0,1,0,0,0,0,0,0,0,0,0,0,0,0,0,0
404,101,3.6732673267326734,1940.0,0,0,0,1,1,0,0,0,0,0,0,0,0,0,0,0,0,0,0
305,87,3.6436781609195403,1997.0,0,0,0,0,0,0,0,0,1,0,0,0,0,0,0,0,0,0,0
210,331,3.930513595166163,1989.0,0,1,1,0,0,0,0,0,0,0,0,0,0,0,0,0,0,0,0
278,60,3.2333333333333334,1996.0,0,0,0,0,0,0,0,0,1,0,0,0,0,0,1,0,0,0,0
770,57,3.3859649122807016,1995.0,0,0,0,0,0,0,1,0,0,0,1,0,0,1,0,0,1,0,0
252,158,2.9430379746835444,1997.0,0,1,1,0,0,0,0,0,0,0,0,0,0,0,0,1,1,0,0
156,148,3.9864864864864864,1992.0,0,0,0,0,0,0,1,0,0,0,0,0,0,0,0,0,1,0,0
1110,41,2.8536585365853657,1995.0,0,1,0,0,0,1,0,0,0,0,0,0,1,0,0,1,0,0,0
350,41,3.1463414634146343,1998.0,0,1,0,0,0,0,0,0,0,0,0,0,0,1,0,0,1,0,0
431,153,3.5359477124183005,1986.0,0,1,1,0,0,0,0,0,0,0,0,0,0,0,0,0,0,0,0
475,250,3.884,1996.0,0,0,0,0,0,0,0,0,1,0,0,0,0,0,0,0,0,0,0
182,226,3.9513274336283186,1990.0,0,0,0,0,0,0,1,0,1,0,0,0,0,0,0,0,0,0,0
50,583,4.3584905660377355,1977.0,0,1,1,0,0,0,0,0,0,0,0,0,0,0,1,1,0,1,0
365,48,3.2083333333333335,1995.0,0,0,0,0,0,0,0,0,1,0,0,0,0,0,0,0,0,0,0
187,209,4.186602870813397,1974.0,0,1,0,0,0,0,1,0,1,0,0,0,0,0,0,0,0,0,0
289,259,2.9806949806949805,1996.0,0,0,0,0,0,0,0,0,1,0,0,0,1,0,0,0,0,0,0
185,239,4.100418410041841,1960.0,0,0,0,0,0,0,0,0,0,0,0,1,0,0,1,0,1,0,0
712,51,3.0784313725490198,1987.0,0,0,0,0,0,1,0,0,1,0,0,0,0,0,0,0,0,0,0
94,137,3.0875912408759123,1990.0,0,0,0,0,1,1,0,0,0,0,0,0,0,0,0,0,0,0,0
742,267,3.644194756554307,1996.0,0,0,0,0,0,0,0,0,1,0,0,0,0,0,0,0,1,0,0
762,115,3.391304347826087,1996.0,0,0,0,0,0,0,0,0,1,0,0,0,0,0,0,0,0,0,0
732,180,3.65,1993.0,0,0,0,0,0,1,0,0,0,0,0,0,0,0,1,0,0,0,0
168,316,4.0664556962025316,1974.0,0,0,0,0,0,1,0,0,0,0,0,0,0,0,0,0,0,0,0
550,151,3.2847682119205297,1995.0,0,1,0,0,0,0,0,0,0,0,0,0,0,0,0,0,1,0,0
849,53,2.7169811320754715,1990.0,0,1,0,0,0,0,0,0,0,0,0,0,0,0,1,0,0,0,0
406,49,2.4489795918367347,1996.0,0,0,0,0,0,0,0,0,0,0,0,1,0,0,0,0,1,0,0
150,157,3.828025477707006,1996.0,0,0,0,0,0,1,0,0,1,0,0,0,0,0,0,0,0,0,0
869,24,3.0,1997.0,0,0,0,0,0,1,0,0,0,0,0,0,0,0,1,0,0,0,0
184,116,3.4310344827586206,1993.0,0,1,1,0,0,1,0,0,0,0,0,1,0,0,0,1,0,0,0
371,67,3.1641791044776117,1995.0,0,0,0,0,0,0,0,0,1,0,0,0,0,0,1,0,0,0,0
720,86,3.0232558139534884,1995.0,0,1,1,0,0,0,0,0,1,0,0,0,0,0,1,0,0,0,0
873,81,2.962962962962963,1997.0,0,0,0,0,0,1,0,0,0,0,0,0,0,0,1,0,0,0,0
381,100,3.55,1994.0,0,0,0,0,0,1,0,0,0,0,0,0,0,0,1,0,0,0,0
922,34,3.823529411764706,1995.0,0,0,0,0,0,0,0,0,0,0,0,0,0,0,0,0,0,0,1
57,40,4.0,1994.0,0,0,0,0,0,0,0,0,1,0,0,0,0,0,0,0,0,0,0
306,96,3.9479166666666665,1997.0,0,0,0,0,0,0,0,0,1,0,0,0,0,0,1,0,0,0,0
370,39,2.8205128205128207,1996.0,0,0,0,0,0,0,0,0,1,0,0,0,0,0,0,0,1,0,0
249,130,3.246153846153846,1997.0,0,0,0,0,0,1,0,0,0,0,0,0,0,0,0,0,0,0,0
721,54,3.4444444444444446,1995.0,0,0,0,0,0,1,0,0,0,0,0,0,0,0,0,0,0,0,0
611,40,4.1,1944.0,0,0,0,0,0,0,1,0,0,0,1,0,0,1,0,0,0,0,0
142,57,3.0701754385964914,1971.0,0,0,1,0,1,0,0,0,0,0,0,0,1,0,0,0,0,0,0
943,40,3.475,1994.0,0,0,0,0,0,0,0,0,0,0,0,0,0,0,0,0,1,0,0
126,97,3.804123711340206,1996.0,0,0,0,0,0,0,0,0,1,0,0,0,0,0,0,0,0,0,0
824,49,2.7551020408163267,1996.0,0,0,0,0,0,1,0,0,0,0,0,0,0,0,0,0,0,0,0
8,219,3.9954337899543377,1995.0,0,0,0,0,1,1,0,0,1,0,0,0,0,0,0,0,0,0,0
58,175,3.645714285714286,1994.0,0,0,0,0,0,0,0,0,1,0,0,0,0,0,0,0,0,0,0
680,34,2.5588235294117645,1997.0,0,1,1,0,0,0,0,0,0,0,0,0,0,0,0,0,0,0,0
741,58,3.4482758620689653,1995.0,0,0,0,0,0,0,0,0,1,0,0,0,0,0,0,0,1,0,0
1061,29,2.9310344827586206,1996.0,0,0,0,0,0,1,0,0,1,0,0,0,0,0,0,0,0,0,0
448,85,3.388235294117647,1976.0,0,0,0,0,0,0,0,0,0,0,0,1,0,0,0,0,0,0,0
900,42,3.6904761904761907,1997.0,0,0,0,0,0,0,0,0,1,0,0,0,0,0,0,0,0,0,0
941,46,3.0652173913043477,1994.0,0,0,0,0,0,1,0,0,1,0,0,0,0,0,0,0,0,0,0
905,27,3.2222222222222223,1998.0,0,0,0,0,0,0,0,0,1,0,0,0,0,0,1,0,0,0,0
1497,2,3.0,1996.0,0,0,0,0,0,0,0,1,0,0,0,0,0,0,0,0,0,0,0
55,149,3.704697986577181,1994.0,0,0,0,0,0,0,1,0,1,0,0,0,0,0,1,0,1,0,0
744,92,3.4565217391304346,1996.0,0,0,0,0,0,0,0,0,1,0,0,0,0,0,0,0,0,1,0
642,89,3.4831460674157304,1990.0,0,0,0,0,0,0,1,0,1,0,1,0,0,0,0,0,0,0,0
1015,12,2.8333333333333335,1997.0,0,0,0,0,1,0,0,0,1,0,0,0,0,0,0,0,0,0,0
121,429,3.438228438228438,1996.0,0,1,0,0,0,0,0,0,0,0,0,0,0,0,0,1,0,1,0
301,230,3.3043478260869565,1997.0,0,0,0,0,0,1,0,0,0,0,0,0,0,0,0,0,0,0,0
81,110,3.5545454545454547,1994.0,0,0,0,0,0,1,0,0,0,0,0,0,0,0,1,0,0,0,0
284,193,3.160621761658031,1996.0,0,0,0,0,0,1,0,0,0,0,0,0,0,0,1,0,0,0,0
740,63,3.4761904761904763,1996.0,0,0,0,0,0,0,0,0,1,0,0,0,0,0,1,0,0,0,0
22,297,4.151515151515151,1995.0,0,1,0,0,0,0,0,0,1,0,0,0,0,0,0,0,0,1,0
864,86,3.1627906976744184,1996.0,0,0,0,0,0,1,0,0,0,0,0,0,0,0,0,0,0,0,0
1099,13,3.4615384615384617,1994.0,0,0,0,0,0,0,0,0,1,0,0,0,0,0,0,0,0,0,0
961,34,3.6176470588235294,1993.0,0,0,0,0,0,0,0,0,1,0,0,0,0,0,0,0,0,0,0
812,18,3.111111111111111,1994.0,0,0,1,0,1,0,0,0,0,0,0,0,0,0,0,0,0,0,0
240,156,2.7884615384615383,1996.0,0,0,0,1,0,1,0,0,0,0,0,0,0,0,0,0,0,0,0
376,24,2.8333333333333335,1994.0,0,0,0,0,0,1,0,0,0,0,0,0,0,0,0,0,0,0,0
931,57,2.1578947368421053,1996.0,0,0,0,0,0,0,0,0,0,0,0,0,0,0,0,1,1,0,0
717,82,2.817073170731707,1996.0,0,0,0,0,0,0,0,0,1,0,0,0,0,0,0,0,1,0,0
399,89,3.303370786516854,1993.0,0,1,1,0,0,1,0,0,0,0,0,0,0,0,0,0,0,0,0
1039,90,4.011111111111111,1996.0,0,0,0,0,0,0,0,0,1,0,0,0,0,0,0,0,0,0,0
1114,10,3.3,1996.0,0,0,0,0,0,1,0,0,0,0,0,0,0,0,0,0,0,0,0
292,114,3.6666666666666665,1997.0,0,0,0,0,0,0,0,0,1,0,0,0,0,0,0,0,0,0,0
561,59,3.0677966101694913,1994.0,0,0,0,0,0,0,0,0,1,0,0,1,0,0,0,0,0,0,0
901,12,1.9166666666666667,1997.0,0,0,0,0,0,1,0,0,0,0,0,0,0,0,0,0,0,0,0
70,251,3.6613545816733066,1994.0,0,0,0,0,0,1,0,0,0,0,0,0,0,0,1,0,0,0,0
417,73,3.095890410958904,1961.0,0,0,0,0,1,0,0,0,1,0,0,0,0,0,0,0,0,0,0
809,43,2.9069767441860463,1993.0,0,1,0,0,0,0,0,0,1,0,0,0,0,1,0,0,0,0,0
540,43,2.511627906976744,1995.0,0,1,0,0,0,0,0,0,0,0,0,0,0,0,0,0,0,0,0
293,147,3.802721088435374,1997.0,0,0,0,0,0,0,1,0,1,0,0,0,0,0,0,0,0,0,0
497,68,3.838235294117647,1938.0,0,0,0,0,0,1,0,0,0,0,0,0,0,0,0,0,0,0,0
1462,7,3.7142857142857144,1996.0,0,0,0,0,0,0,1,0,1,0,0,0,0,0,1,0,0,0,0
1246,7,1.5714285714285714,1995.0,0,0,0,0,0,1,0,0,0,0,0,0,0,0,0,0,0,0,0
655,227,3.881057268722467,1986.0,0,0,1,0,0,1,0,0,1,0,0,0,0,0,0,0,0,0,0
13,184,3.4184782608695654,1995.0,0,0,0,0,0,1,0,0,0,0,0,0,0,0,0,0,0,0,0
588,202,3.792079207920792,1991.0,0,0,0,1,1,0,0,0,0,0,0,0,1,0,0,0,0,0,0
409,70,3.142857142857143,1996.0,0,0,0,0,0,1,0,0,1,0,0,0,0,0,0,0,0,0,0
739,164,3.323170731707317,1990.0,0,0,0,0,0,1,0,0,0,0,0,0,0,0,1,0,0,0,0
661,88,4.1022727272727275,1952.0,0,0,0,0,0,0,0,0,0,0,0,0,0,0,0,0,0,0,1
665,100,2.83,1992.0,0,1,0,0,0,0,0,0,0,0,0,1,0,0,0,1,1,0,0
692,164,3.6280487804878048,1995.0,0,0,0,0,0,1,0,0,1,0,0,0,0,0,1,0,0,0,0
439,5,1.0,1993.0,0,0,0,0,0,0,0,0,0,0,0,1,0,0,0,0,0,0,0
632,58,3.896551724137931,1982.0,0,0,0,0,0,0,0,0,1,0,0,0,0,0,0,0,0,0,0
1198,7,3.142857142857143,1960.0,0,0,0,0,0,0,1,0,0,0,0,0,0,0,0,0,1,0,0
609,60,3.5833333333333335,1950.0,0,0,0,0,0,1,0,0,0,0,0,0,0,0,0,0,0,0,0
225,109,2.908256880733945,1996.0,0,0,0,0,1,1,0,0,0,0,0,0,0,0,0,0,0,0,0
128,65,3.5384615384615383,1992.0,0,1,0,0,0,0,0,0,0,0,0,0,0,0,0,0,1,0,0
866,119,3.319327731092437,1996.0,0,0,0,0,0,1,0,0,0,0,0,0,0,0,1,0,0,0,0
295,77,3.4025974025974026,1997.0,0,1,0,0,0,0,0,0,0,0,0,0,0,0,0,0,1,0,0
49,81,3.3209876543209877,1994.0,0,0,0,0,0,1,0,0,0,0,0,0,0,0,1,0,0,0,0
626,4,3.25,1949.0,0,0,0,0,1,0,0,0,1,0,0,0,0,0,0,0,0,0,0
707,70,3.9285714285714284,1991.0,0,0,0,0,0,0,0,0,1,0,0,0,0,0,0,0,0,0,0
586,34,2.676470588235294,1994.0,0,1,0,0,0,0,0,0,0,0,0,0,0,0,0,0,0,0,0
593,12,3.1666666666666665,1993.0,0,0,0,0,0,0,0,0,0,0,0,0,0,0,0,0,0,1,0
147,185,3.4702702702702704,1996.0,0,1,0,0,0,0,0,0,0,0,0,0,0,0,0,0,1,0,0
1220,30,3.3333333333333335,1995.0,0,0,0,0,0,0,0,0,1,0,0,0,0,0,0,0,0,0,0
492,59,3.864406779661017,1955.0,0,0,0,0,0,0,0,0,1,0,0,0,0,0,0,0,0,0,0
620,43,3.0930232558139537,1996.0,0,0,0,0,0,0,0,0,1,0,0,0,0,0,0,0,0,0,0
161,220,3.481818181818182,1986.0,0,1,0,0,0,0,0,0,0,0,0,0,0,0,1,0,0,0,0
1070,27,3.740740740740741,1995.0,0,0,0,0,0,1,0,0,0,0,0,0,0,0,0,0,0,0,0
449,117,3.034188034188034,1979.0,0,1,1,0,0,0,0,0,0,0,0,0,0,0,0,1,0,0,0
948,48,2.1666666666666665,1997.0,0,0,0,0,0,1,0,0,0,0,0,0,0,0,1,0,0,0,0
509,121,3.8512396694214877,1989.0,0,0,0,0,0,0,0,0,1,0,0,0,0,0,0,0,0,0,0
870,9,2.7777777777777777,1997.0,0,0,0,0,0,0,0,0,0,0,0,0,0,0,1,0,0,0,0
39,87,3.264367816091954,1995.0,0,1,0,0,0,0,1,0,0,0,0,0,0,0,0,1,0,0,0
1100,8,2.625,1994.0,0,0,0,0,0,1,0,0,1,0,0,0,0,0,1,0,0,0,0
820,93,2.774193548387097,1996.0,0,0,1,1,1,1,0,0,0,1,0,0,0,0,0,0,0,0,0
660,153,3.764705882352941,1991.0,0,0,0,0,0,0,0,0,1,0,0,0,0,0,0,0,0,0,0
1022,32,3.4375,1997.0,0,0,0,0,0,0,0,1,0,0,0,0,0,0,0,0,0,0,0
120,67,2.2388059701492535,1996.0,0,0,0,0,0,1,1,0,0,0,0,0,0,0,0,0,0,0,0
780,69,3.0,1994.0,0,0,0,0,0,1,0,0,0,0,0,0,0,0,0,0,0,0,0
44,79,3.3417721518987342,1994.0,0,0,0,0,0,0,0,0,1,0,0,0,0,0,0,0,1,0,0
686,50,3.68,1993.0,0,1,0,0,0,0,0,0,1,0,0,0,0,0,0,0,0,0,0
28,276,3.931159420289855,1995.0,0,1,0,0,0,0,0,0,1,0,0,0,0,0,0,0,1,0,0
729,81,3.4814814814814814,1994.0,0,0,0,0,0,0,0,0,1,0,0,0,0,0,0,0,0,0,0
52,91,3.769230769230769,1994.0,0,0,0,0,0,0,0,0,1,0,0,0,0,0,0,0,0,0,0
230,199,3.4472361809045227,1986.0,0,1,1,0,0,0,0,0,0,0,0,0,0,0,0,1,0,0,0
506,90,3.8555555555555556,1955.0,0,0,0,0,0,0,0,0,1,0,0,0,0,0,0,0,0,0,0
566,179,3.569832402234637,1994.0,0,1,1,0,0,0,0,0,0,0,0,0,0,0,0,0,1,0,0
774,32,2.9375,1995.0,0,0,0,0,0,0,0,0,0,0,0,1,0,0,0,0,0,0,0
1003,8,2.25,1997.0,0,0,0,0,1,1,0,0,0,0,0,0,0,1,0,0,0,0,0
433,171,3.690058479532164,1989.0,0,0,0,0,0,1,0,0,0,0,0,0,0,0,0,0,0,0,0
99,172,3.7093023255813953,1937.0,0,0,0,1,1,0,0,0,0,0,0,0,1,0,0,0,0,0,0
1288,7,3.0,1995.0,0,0,0,0,0,1,0,0,0,0,0,0,0,0,0,0,0,0,0
190,124,4.137096774193548,1989.0,0,0,0,0,0,0,0,0,1,0,0,0,0,0,0,0,0,1,0
1010,44,3.25,1996.0,0,0,0,0,0,0,0,0,1,0,0,0,0,0,0,0,0,0,0
877,52,2.5384615384615383,1997.0,0,0,1,0,0,0,0,0,0,0,0,0,0,0,1,0,0,0,0
487,68,4.102941176470588,1953.0,0,0,0,0,0,1,0,0,0,0,0,0,0,0,1,0,0,0,0
1052,25,2.28,1995.0,0,0,0,0,0,1,0,0,0,0,0,1,0,0,0,0,0,0,0
287,78,3.58974358974359,1996.0,0,0,0,0,0,0,0,0,1,0,0,0,0,0,0,0,0,0,0
659,115,4.078260869565217,1944.0,0,0,0,0,0,1,0,0,0,0,0,0,0,1,0,0,1,0,0
927,6,3.1666666666666665,1995.0,0,0,0,0,0,0,0,0,1,0,0,0,0,0,0,0,0,0,0
696,79,3.1392405063291138,1996.0,0,0,0,0,0,0,0,0,1,0,0,0,0,0,0,0,1,0,0
269,315,3.926984126984127,1997.0,0,0,0,0,0,1,0,0,0,0,0,0,0,0,0,0,0,0,0
179,221,3.909502262443439,1971.0,0,0,0,0,0,0,0,0,0,0,0,0,0,0,0,1,0,0,0
440,14,1.6428571428571428,1982.0,0,0,0,0,0,0,0,0,0,0,0,1,0,0,0,0,0,0,0
806,50,3.46,1993.0,0,1,0,0,0,0,1,0,1,0,0,0,0,0,0,0,0,0,0
572,29,2.7586206896551726,1994.0,0,1,0,0,0,0,0,0,0,0,0,0,0,0,0,0,1,0,0
654,147,4.136054421768708,1974.0,0,0,0,0,0,0,0,0,0,0,1,0,0,1,0,0,1,0,0
324,125,3.136,1997.0,0,0,0,0,0,0,0,0,0,0,0,0,0,1,0,0,0,0,0
736,78,3.9358974358974357,1993.0,0,0,0,0,0,0,0,0,1,0,0,0,0,0,1,0,0,0,0
92,104,3.6153846153846154,1993.0,0,1,0,0,0,0,1,0,0,0,0,0,0,0,1,0,0,0,0
461,74,3.6216216216216215,1995.0,0,0,0,0,0,0,0,0,1,0,0,0,0,0,0,0,0,0,0
129,129,3.8217054263565893,1996.0,0,0,0,0,0,0,1,0,1,0,0,0,0,0,1,0,1,0,0
9,299,3.8963210702341136,1995.0,0,0,0,0,0,0,0,0,1,0,0,0,0,0,0,0,0,0,0
152,82,3.6341463414634148,1973.0,0,0,0,0,0,1,0,0,0,0,0,0,0,0,0,1,0,0,0
233,124,3.2903225806451615,1992.0,0,1,0,0,0,0,0,0,0,0,0,0,0,0,0,0,0,0,0
589,43,4.023255813953488,1969.0,0,0,0,0,0,0,0,0,0,0,0,0,0,0,0,0,0,0,1
203,182,3.868131868131868,1992.0,0,0,0,0,0,0,0,0,0,0,0,0,0,0,0,0,0,0,1
1034,27,2.5185185185185186,1996.0,0,1,1,0,0,0,0,0,0,0,0,0,0,0,0,0,0,0,0
923,58,4.155172413793103,1991.0,0,0,0,0,0,0,0,0,1,0,0,0,0,0,0,0,0,0,0
463,71,3.859154929577465,1994.0,0,0,1,0,0,0,0,0,0,0,0,0,0,0,0,0,0,0,0
122,106,2.339622641509434,1996.0,0,0,0,0,0,1,0,0,0,0,0,0,0,0,0,0,0,0,0
310,145,3.6,1997.0,0,0,0,0,0,0,0,0,1,0,0,0,0,0,0,0,0,0,0
285,162,4.265432098765432,1996.0,0,0,0,0,0,0,0,0,1,0,0,0,0,0,0,0,0,0,0
447,121,3.5041322314049586,1976.0,0,0,0,0,0,0,0,0,0,0,0,1,0,0,0,0,0,0,0
412,93,2.3978494623655915,1996.0,0,0,0,0,0,1,0,0,0,0,0,0,0,0,0,0,0,0,0
1428,12,3.6666666666666665,1997.0,0,0,0,0,0,1,0,0,0,0,0,0,0,0,0,0,0,0,0
977,49,2.693877551020408,1996.0,0,1,0,0,0,0,0,0,0,0,0,0,0,0,0,0,0,0,0
1065,53,3.490566037735849,1983.0,0,0,0,0,0,0,0,1,0,0,0,0,0,0,0,0,0,1,0
421,106,3.5943396226415096,1996.0,0,0,0,0,0,0,0,0,1,0,0,0,0,0,1,0,0,0,0
937,37,3.4054054054054053,1997.0,0,0,0,0,0,0,0,0,1,0,0,0,0,0,0,0,0,0,0
583,37,3.0,1993.0,0,0,0,0,0,0,1,0,0,0,0,0,0,0,0,0,1,0,0
110,31,2.5161290322580645,1995.0,0,1,1,0,0,1,0,0,0,0,0,0,0,0,0,0,0,1,0
251,46,4.260869565217392,1996.0,0,0,0,0,0,1,0,0,0,0,0,0,0,0,0,0,0,0,0
831,91,2.4615384615384617,1996.0,0,1,1,0,0,0,0,0,0,0,0,0,0,0,0,1,1,0,0
543,21,3.619047619047619,1995.0,0,0,0,0,0,0,0,0,1,0,0,0,1,0,0,0,0,0,0
926,101,2.702970297029703,1996.0,0,0,0,0,0,1,0,0,0,0,0,0,0,0,0,0,0,0,0
155,98,3.1020408163265305,1987.0,0,0,0,0,0,0,0,0,0,0,0,0,1,0,1,0,0,0,0
53,128,2.953125,1994.0,0,1,0,0,0,0,0,0,0,0,0,0,0,0,0,0,1,0,0
393,192,3.4114583333333335,1993.0,0,0,0,0,0,1,0,0,0,0,0,0,0,0,0,0,0,0,0
91,143,3.5874125874125875,1993.0,0,0,0,0,1,1,0,0,0,0,0,0,1,0,0,0,0,0,0
477,95,3.210526315789474,1996.0,0,0,0,0,1,1,0,0,0,0,0,0,0,0,0,0,0,0,0
472,158,3.0822784810126582,1996.0,0,1,1,0,0,0,0,0,0,1,0,0,0,0,0,0,0,0,0
761,44,3.0454545454545454,1995.0,0,1,0,0,0,0,0,0,0,0,0,0,0,0,0,0,1,0,0
1286,17,3.7058823529411766,1937.0,0,0,0,0,0,1,0,0,0,0,0,0,1,0,1,0,0,0,0
93,112,3.7232142857142856,1995.0,0,0,0,0,0,1,0,0,1,0,0,0,0,0,0,0,0,0,0
644,35,3.7714285714285714,1988.0,0,0,0,0,0,0,0,1,0,0,0,0,0,0,0,0,0,0,0
982,20,2.8,1996.0,0,1,1,0,0,0,0,0,0,0,0,0,0,0,0,0,1,0,0
491,67,3.791044776119403,1938.0,0,1,1,0,0,0,0,0,0,0,0,0,0,0,0,0,0,0,0
511,173,4.23121387283237,1962.0,0,0,1,0,0,0,0,0,0,0,0,0,0,0,0,0,0,1,0
397,12,2.5833333333333335,1993.0,0,1,0,0,0,0,0,0,0,0,0,0,0,0,0,0,0,0,0
162,106,3.556603773584906,1981.0,0,0,0,0,0,0,0,0,1,0,0,0,0,0,0,0,0,0,0
513,72,4.333333333333333,1949.0,0,0,0,0,0,0,0,0,0,0,0,0,0,1,0,0,1,0,0
375,23,1.9565217391304348,1995.0,0,0,0,0,0,0,0,0,1,0,0,0,0,0,0,0,0,0,0
38,120,3.0083333333333333,1995.0,0,0,0,0,0,0,0,0,0,0,0,0,0,0,0,1,1,0,0
418,129,3.5813953488372094,1950.0,0,0,0,1,1,0,0,0,0,0,0,0,1,0,0,0,0,0,0
858,3,1.0,1996.0,0,0,0,0,0,0,0,0,0,0,0,1,0,0,0,0,0,0,0
131,95,3.7263157894736842,1961.0,0,0,0,0,0,0,0,0,1,0,0,0,0,0,1,0,0,0,0
87,138,3.9057971014492754,1993.0,0,0,0,0,0,0,0,0,1,0,0,0,0,0,0,0,0,0,0
725,16,2.75,1994.0,0,0,0,0,0,1,0,0,0,0,0,0,0,0,0,0,0,0,0
72,129,3.193798449612403,1994.0,0,0,0,0,0,1,1,0,0,1,0,0,0,0,0,0,0,0,0
663,116,3.9051724137931036,1979.0,0,0,0,0,0,1,0,0,0,0,0,0,0,0,0,0,0,0,0
1133,30,2.966666666666667,1975.0,0,0,1,0,1,0,0,0,0,1,0,0,0,0,0,0,0,0,0
125,244,3.557377049180328,1996.0,0,0,0,0,0,0,0,0,1,0,0,0,0,0,1,0,0,0,0
1248,19,3.0,1994.0,0,0,0,0,0,0,0,0,0,0,0,0,0,0,0,0,1,0,0
354,72,3.486111111111111,1998.0,0,0,0,0,0,1,0,0,0,0,0,0,0,0,1,0,0,0,0
105,74,2.5675675675675675,1996.0,0,0,0,0,0,1,0,0,0,0,0,0,0,0,0,0,0,0,0
73,128,3.46875,1994.0,0,1,0,0,0,1,0,0,0,0,0,0,0,0,0,0,0,0,1
239,150,3.513333333333333,1992.0,0,0,0,0,0,0,1,0,1,0,0,0,0,0,0,1,0,0,0
860,16,2.25,1987.0,0,0,0,0,0,0,0,0,0,0,0,1,0,0,0,0,1,0,0
1046,46,3.1739130434782608,1993.0,0,0,0,0,0,0,0,0,0,0,0,0,0,0,0,0,1,0,0
1178,19,2.473684210526316,1994.0,0,0,0,0,0,1,0,0,0,0,0,0,0,0,0,0,0,0,0
523,164,3.9939024390243905,1967.0,0,0,0,0,0,1,0,0,1,0,0,0,0,0,0,0,0,0,0
634,24,3.75,1996.0,0,0,0,0,0,0,0,1,0,0,0,0,0,0,0,0,0,0,0
1245,19,3.210526315789474,1997.0,0,0,0,0,0,0,1,0,0,0,0,0,0,0,0,0,0,0,0
974,32,3.03125,1996.0,0,0,0,0,0,0,0,0,1,0,0,0,0,0,0,0,1,0,0
619,64,3.171875,1996.0,0,0,0,0,0,0,0,0,1,0,0,0,0,0,0,0,1,0,0
107,42,3.5,1996.0,0,0,0,0,0,0,0,0,1,0,0,0,0,0,0,0,0,0,0
213,134,3.985074626865672,1986.0,0,0,0,0,0,0,0,0,1,0,0,0,0,0,1,0,0,0,0
319,168,3.2738095238095237,1996.0,0,0,0,0,0,1,0,0,0,0,0,0,1,0,1,0,0,0,0
963,41,4.2926829268292686,1993.0,0,0,0,0,0,0,0,0,1,0,0,0,0,0,0,0,1,0,0
875,53,2.7358490566037736,1997.0,0,0,0,0,0,0,0,0,1,0,0,0,0,0,1,0,0,0,0
180,221,4.04524886877828,1979.0,0,0,0,0,0,0,0,0,1,0,0,0,0,0,0,0,0,1,0
1033,32,2.78125,1996.0,0,0,1,0,1,0,0,0,0,0,0,0,0,0,0,0,0,0,0
380,116,3.336206896551724,1994.0,0,1,1,0,0,0,0,0,0,0,0,0,0,0,0,1,0,0,0
59,83,4.0602409638554215,1994.0,0,0,0,0,0,0,0,0,1,0,0,0,0,0,0,0,0,0,0
1078,22,2.772727272727273,1988.0,0,0,0,1,1,0,0,0,0,0,0,0,0,0,0,0,0,0,0
585,39,2.4871794871794872,1993.0,0,0,0,0,0,1,0,0,0,0,0,0,0,0,0,0,0,0,0
148,128,3.203125,1996.0,0,1,1,0,0,0,0,0,0,0,0,0,0,0,0,0,0,0,0
683,49,2.4081632653061225,1997.0,0,0,0,0,0,1,0,0,0,0,0,0,0,0,0,0,0,0,0
454,16,2.875,1996.0,0,0,0,0,0,0,0,0,1,0,0,0,0,0,0,0,0,0,0
737,59,2.983050847457627,1994.0,0,0,0,0,0,1,0,0,1,0,0,0,0,0,0,0,0,0,0
524,46,4.021739130434782,1940.0,0,0,0,0,0,1,0,0,0,0,0,0,0,0,0,0,0,0,0
995,31,3.161290322580645,1997.0,0,0,0,0,0,1,0,0,0,0,0,0,0,0,0,0,0,0,0
616,64,3.421875,1968.0,0,0,0,0,0,0,0,0,0,0,0,1,0,0,0,1,0,0,0
945,40,3.925,1963.0,0,0,0,0,0,1,0,0,0,0,0,0,0,1,1,0,1,0,0
299,73,2.9315068493150687,1997.0,0,0,0,0,0,0,1,0,1,0,1,0,0,0,0,0,0,0,0
792,86,3.7209302325581395,1994.0,0,0,0,0,0,1,0,0,0,0,0,0,0,0,0,0,0,0,0
708,101,3.4752475247524752,1989.0,0,0,0,0,0,0,0,0,1,0,0,0,0,0,0,0,0,0,0
950,30,2.9,1995.0,0,0,0,0,0,0,0,0,1,0,0,0,0,0,0,0,0,0,0
27,57,3.1052631578947367,1995.0,0,1,0,0,0,0,0,0,0,0,0,0,0,0,0,0,0,0,0
747,102,3.4607843137254903,1993.0,0,0,0,0,0,1,0,0,0,0,0,0,0,0,1,0,0,0,0
85,58,3.0344827586206895,1994.0,0,0,0,0,0,1,0,0,0,0,0,0,0,0,0,0,0,0,0
516,63,3.9682539682539684,1983.0,0,0,0,0,0,1,0,0,0,0,0,0,0,0,0,0,0,0,0
1063,41,3.658536585365854,1995.0,0,0,0,0,1,0,0,0,1,0,0,0,0,0,0,0,0,0,0
682,100,3.06,1997.0,0,0,0,0,0,0,0,0,0,0,0,1,0,1,0,0,1,0,0
221,74,3.72972972972973,1996.0,0,0,0,0,0,0,0,0,1,0,0,0,0,0,0,0,0,0,0
1150,9,3.111111111111111,1996.0,0,0,0,0,0,0,0,0,1,0,0,0,0,0,0,0,0,0,0
847,55,3.727272727272727,1996.0,0,0,0,0,0,0,0,1,1,0,0,0,0,0,0,0,0,0,0
138,19,2.5789473684210527,1996.0,0,0,0,0,1,1,0,0,0,0,0,0,0,0,0,0,0,0,0
517,91,3.769230769230769,1979.0,0,0,0,0,0,1,0,0,1,0,0,0,0,0,1,0,0,0,0
283,177,3.7175141242937855,1996.0,0,0,0,0,0,0,0,0,1,0,0,0,0,0,1,0,0,0,0
602,50,3.7,1951.0,0,0,0,0,0,0,0,0,0,0,0,0,1,0,1,0,0,0,0
573,33,2.9393939393939394,1993.0,0,0,0,0,0,0,0,0,0,0,0,1,0,0,0,1,1,0,0
617,18,3.7777777777777777,1930.0,0,0,0,0,0,0,0,0,1,0,0,0,0,0,0,0,0,0,0
569,67,2.701492537313433,1994.0,0,0,0,0,0,0,0,0,1,0,0,1,0,0,0,0,0,0,0
1332,2,2.0,1993.0,0,0,0,0,0,0,0,0,1,0,0,0,0,0,0,0,0,0,0
703,19,3.5789473684210527,1994.0,0,0,0,0,0,0,0,0,1,0,0,0,0,0,0,0,0,0,0
386,87,2.8160919540229883,1993.0,0,0,0,0,0,1,0,0,0,0,0,0,0,0,0,0,0,0,0
331,113,3.5398230088495577,1997.0,0,0,1,0,0,0,0,0,0,0,0,0,0,0,0,0,1,0,0
355,41,2.926829268292683,1998.0,0,0,1,0,0,0,0,0,0,0,0,0,0,0,0,1,1,0,0
949,71,3.3380281690140845,1995.0,0,0,0,0,0,0,0,0,1,0,0,0,0,0,1,0,0,0,0
488,65,4.2,1950.0,0,0,0,0,0,0,0,0,0,0,1,0,0,0,0,0,0,0,0
114,67,4.447761194029851,1996.0,0,0,0,1,0,0,0,0,0,0,0,0,0,0,0,0,0,0,0
24,174,3.4482758620689653,1995.0,0,1,1,0,0,0,1,0,0,0,0,0,0,0,0,0,0,0,0
763,149,3.389261744966443,1996.0,0,0,0,0,0,1,0,0,0,0,0,0,0,0,0,0,0,0,0
43,40,3.0,1994.0,0,0,0,0,0,0,0,0,1,0,0,0,0,0,0,0,1,0,0
953,22,3.3181818181818183,1995.0,0,0,0,0,0,1,0,0,1,0,0,0,0,0,0,0,0,0,0
670,36,3.0,1993.0,0,0,0,0,0,0,0,0,0,0,0,1,0,0,0,1,1,0,0
510,121,3.9421487603305785,1954.0,0,1,0,0,0,0,0,0,1,0,0,0,0,0,0,0,0,0,1
372,34,3.5294117647058822,1995.0,0,0,0,0,0,1,0,0,0,0,0,0,0,0,0,0,0,0,0
335,21,2.761904761904762,1997.0,0,0,0,0,0,1,0,0,0,0,0,0,0,0,0,0,0,0,0
779,31,2.5483870967741935,1994.0,0,1,0,0,0,0,0,0,0,0,0,0,0,0,0,0,0,0,0
435,216,3.949074074074074,1969.0,0,1,0,0,0,1,0,0,0,0,0,0,0,0,0,0,0,0,1
223,136,4.198529411764706,1996.0,0,0,0,0,0,0,0,0,1,0,0,0,0,0,0,0,1,0,0
1334,2,1.0,1994.0,0,0,0,0,0,0,0,0,1,0,0,0,0,0,0,0,0,0,0
835,15,3.8666666666666667,1934.0,0,0,0,0,0,1,0,0,0,0,0,0,1,0,1,0,0,0,0
1327,3,2.3333333333333335,1994.0,0,0,0,0,0,0,0,0,1,0,0,0,0,0,0,0,0,0,0
263,19,2.1578947368421053,1997.0,0,1,0,0,0,0,0,0,0,0,0,0,0,0,0,0,0,0,0
450,63,2.3968253968253967,1989.0,0,1,1,0,0,0,0,0,0,0,0,0,0,0,0,1,0,0,0
651,171,4.076023391812866,1989.0,0,1,0,0,0,0,0,0,1,0,0,0,0,0,0,0,0,1,0
316,112,4.196428571428571,1997.0,0,0,0,0,0,1,0,0,1,0,0,0,0,0,0,0,0,0,0
929,40,2.7,1996.0,0,0,0,0,1,1,0,0,0,0,0,0,0,0,0,0,0,0,0
580,32,3.375,1995.0,0,0,0,0,0,1,0,0,0,0,0,0,0,0,1,0,0,0,0
1041,62,3.193548387096774,1995.0,0,0,0,0,0,1,0,0,0,0,0,0,0,0,1,0,0,0,0
424,19,1.3157894736842106,1996.0,0,0,0,0,0,0,0,0,0,0,0,1,0,0,0,0,0,0,0
429,97,3.9381443298969074,1951.0,0,0,0,0,0,0,0,0,1,0,0,0,0,0,0,1,0,0,0
868,5,3.8,1996.0,0,0,0,0,0,0,0,0,1,0,0,0,0,0,0,0,0,0,0
1161,13,2.923076923076923,1996.0,0,1,0,0,0,0,0,0,1,0,0,0,0,0,0,0,0,0,0
166,58,4.120689655172414,1986.0,0,0,0,0,0,0,0,0,1,0,0,0,0,0,0,0,0,0,0
1162,5,1.6,1996.0,0,0,0,0,0,1,0,0,0,0,0,0,0,0,0,0,0,0,0
1019,31,3.967741935483871,1989.0,0,1,0,0,0,0,0,0,0,0,0,0,0,0,0,0,1,0,0
908,20,2.5,1998.0,0,0,0,0,0,1,0,0,0,0,0,0,0,0,0,0,0,0,0
1160,26,3.6153846153846154,1997.0,0,0,0,0,0,0,0,0,1,0,0,0,0,0,1,0,0,0,0
676,77,3.3376623376623376,1996.0,0,0,0,0,0,0,0,0,1,0,0,0,0,0,0,0,0,0,0
1012,100,3.53,1997.0,0,0,0,0,0,1,0,0,1,0,0,0,0,0,0,0,0,0,0
1209,15,2.533333333333333,1994.0,0,0,0,0,0,1,0,0,0,0,0,0,0,0,0,0,0,0,0
693,91,3.6483516483516483,1995.0,0,0,0,0,0,0,0,0,1,0,0,0,0,0,0,0,0,0,0
282,232,3.685344827586207,1996.0,0,0,0,0,0,0,0,0,1,0,0,0,0,0,0,0,0,0,0
253,26,3.6923076923076925,1995.0,0,0,0,0,0,0,0,0,1,0,0,0,0,0,1,0,0,0,0
428,121,3.8181818181818183,1971.0,0,0,0,0,0,1,0,0,0,0,0,0,0,0,0,0,0,0,0
1350,2,1.5,1949.0,0,0,0,0,0,0,0,0,1,0,0,0,0,0,0,0,0,0,0
363,47,2.723404255319149,1995.0,0,1,0,0,0,0,0,0,0,0,0,0,0,0,0,0,0,0,0
300,431,3.6310904872389793,1997.0,0,1,0,0,0,0,0,0,0,0,0,0,0,0,0,0,1,0,0
1346,5,2.4,1992.0,0,0,0,0,0,0,0,0,1,0,0,0,0,0,0,0,0,0,0
1119,59,3.6610169491525424,1987.0,0,0,0,0,0,0,0,0,1,0,0,0,0,0,1,0,0,0,0
674,48,2.8958333333333335,1982.0,0,0,0,0,0,0,0,0,0,0,0,1,0,0,0,0,0,0,0
411,163,2.914110429447853,1996.0,0,0,0,0,0,1,0,0,0,1,0,0,0,0,1,1,0,0,0
527,195,4.02051282051282,1982.0,0,0,0,0,0,0,0,0,1,0,0,0,0,0,0,0,0,0,0
1397,5,3.2,1934.0,0,0,0,0,0,0,0,0,1,0,0,0,0,0,0,0,0,0,0
807,9,2.7777777777777777,1993.0,0,0,0,0,0,0,0,0,1,0,0,0,0,0,0,0,0,0,0
657,131,4.259541984732825,1962.0,0,0,0,0,0,0,0,0,0,0,1,0,0,0,0,0,1,0,0
1142,44,4.045454545454546,1996.0,0,0,0,0,0,0,0,1,0,0,0,0,0,0,0,0,0,0,0
113,9,4.111111111111111,1995.0,0,0,0,0,0,0,0,0,1,0,0,0,0,0,0,0,0,0,0
426,32,2.84375,1986.0,0,1,0,1,1,0,0,0,0,0,0,0,0,0,0,1,1,1,0
1109,28,3.4285714285714284,1994.0,0,0,0,0,0,0,0,0,1,0,0,0,0,0,0,0,1,0,0
116,125,3.824,1995.0,0,0,0,0,0,1,0,0,0,0,0,0,0,0,0,0,0,0,0
898,58,3.2241379310344827,1997.0,0,0,0,0,0,0,0,0,1,0,0,0,0,0,0,0,0,0,0
723,34,3.1470588235294117,1995.0,0,0,0,0,0,1,0,0,1,0,0,0,0,0,0,0,0,0,0
243,132,2.4393939393939394,1997.0,0,0,0,0,1,1,0,0,0,0,0,0,0,0,0,0,0,0,0
582,168,3.6011904761904763,1993.0,0,0,0,0,0,0,0,0,1,0,0,0,0,0,1,0,0,0,0
778,76,3.5526315789473686,1995.0,0,0,0,0,0,1,0,0,1,0,0,0,0,0,1,0,0,0,0
308,30,2.966666666666667,1997.0,0,0,0,0,1,0,0,0,1,1,0,0,0,0,0,0,0,0,0
1007,47,4.127659574468085,1996.0,0,0,0,0,0,1,0,0,0,0,0,0,0,0,0,0,0,0,0
641,33,4.212121212121212,1957.0,0,0,0,0,0,0,0,0,1,0,0,0,0,0,0,0,0,1,0
1165,14,1.8571428571428572,1996.0,0,0,0,0,0,1,0,0,1,0,0,0,0,0,0,0,0,0,0
764,29,2.7586206896551726,1996.0,0,0,0,0,0,1,0,0,0,0,0,0,0,0,1,0,0,0,0
1011,93,3.225806451612903,1996.0,0,0,0,0,0,0,1,0,0,0,0,0,0,0,0,0,0,0,0
1101,74,3.77027027027027,1993.0,0,0,0,0,0,0,0,0,1,0,0,0,0,1,0,0,0,0,0
396,54,2.814814814814815,1994.0,0,0,0,0,0,1,1,0,0,0,0,1,0,0,0,0,0,0,0
1260,4,2.75,1995.0,0,0,0,0,0,0,0,0,1,0,0,0,0,0,0,0,0,0,0
904,20,3.45,1997.0,0,0,0,0,0,1,0,0,1,0,0,0,0,0,0,0,0,0,0
312,80,3.1625,1997.0,0,0,0,0,0,1,1,0,1,0,0,0,0,1,0,0,0,0,0
1048,73,3.0136986301369864,1996.0,0,0,0,0,0,1,0,0,0,0,0,0,0,0,1,0,0,0,0
627,75,3.2266666666666666,1991.0,0,0,0,0,0,0,0,0,1,0,0,0,0,0,0,0,0,0,0
571,28,2.5,1993.0,0,0,0,0,0,1,0,0,0,0,0,0,0,0,0,0,1,0,0
552,45,2.8666666666666667,1995.0,0,0,0,0,0,0,0,0,0,0,0,0,0,0,0,1,0,0,0
1278,16,3.625,1997.0,0,0,0,0,0,0,0,0,1,0,0,0,1,0,0,0,0,0,0
499,62,3.9516129032258065,1958.0,0,0,0,0,0,0,0,0,1,0,0,0,0,0,0,0,0,0,0
1186,3,3.3333333333333335,1994.0,0,0,0,0,0,1,0,0,1,0,0,0,0,0,0,0,0,0,0
1057,22,2.3181818181818183,1996.0,0,0,0,0,0,1,0,0,0,0,0,0,0,0,0,0,0,0,0
207,66,3.8181818181818183,1990.0,0,1,0,0,0,0,0,0,1,0,0,0,0,0,1,0,0,0,0
309,28,2.857142857142857,1997.0,0,0,0,0,0,0,1,0,0,0,0,0,0,0,0,0,0,0,0
671,46,3.608695652173913,1935.0,0,0,0,0,0,0,0,0,0,0,0,1,0,0,0,0,0,0,0
83,176,4.0625,1993.0,0,0,0,0,0,1,0,0,0,0,0,0,0,0,1,0,0,0,0
482,128,3.984375,1959.0,0,0,0,0,0,1,1,0,0,0,0,0,0,0,0,0,0,0,0
276,298,3.697986577181208,1995.0,0,0,0,0,0,0,0,0,1,0,0,0,0,0,1,0,0,0,0
1094,12,2.4166666666666665,1996.0,0,0,0,0,0,1,0,0,0,0,0,0,0,0,0,0,0,0,0
647,70,4.1,1985.0,0,0,0,0,0,0,0,0,1,0,0,0,0,0,0,0,0,1,0
578,92,3.152173913043478,1993.0,0,1,0,0,0,0,0,0,0,0,0,0,0,0,0,1,0,0,0
1021,38,3.8157894736842106,1963.0,0,0,0,0,0,0,0,0,1,0,0,0,0,0,0,0,0,0,0
886,53,3.0754716981132075,1997.0,0,0,0,0,0,0,0,0,0,0,0,0,0,0,1,0,1,0,0
1151,7,2.142857142857143,1996.0,0,0,0,0,0,0,1,0,0,0,0,0,0,0,0,0,0,0,0
855,66,3.727272727272727,1981.0,0,1,0,0,0,0,0,0,1,0,0,0,0,1,1,0,1,0,0
942,45,3.488888888888889,1993.0,0,0,0,0,0,0,0,0,1,0,0,0,0,0,0,0,0,0,0
826,80,2.575,1996.0,0,0,1,0,0,0,0,0,0,0,0,0,0,0,0,0,0,0,0
1044,40,3.225,1994.0,0,0,0,0,0,1,0,0,1,0,0,0,0,0,0,0,0,0,0
254,62,2.4516129032258065,1997.0,0,1,1,0,0,0,1,0,0,0,0,0,0,0,0,0,0,0,0
290,96,3.1145833333333335,1997.0,0,0,0,0,0,1,0,0,0,0,0,0,0,0,0,0,0,0,0
848,9,3.5555555555555554,1944.0,0,0,0,0,0,0,0,0,0,0,1,0,0,0,0,0,1,0,0
542,51,2.5294117647058822,1995.0,0,0,0,1,1,0,0,0,0,0,0,0,1,0,1,0,0,0,0
581,59,3.2203389830508473,1993.0,0,0,0,0,0,0,0,0,1,0,0,0,0,0,0,0,1,0,0
1229,13,2.1538461538461537,1995.0,0,0,0,0,0,0,0,0,1,0,0,0,0,0,0,0,1,0,0
718,16,3.6875,1995.0,0,0,0,0,0,1,0,0,0,0,0,0,0,0,0,0,0,0,0
337,18,3.0,1997.0,0,0,0,0,0,1,0,0,1,0,0,0,0,0,0,0,1,0,0
1107,18,3.0555555555555554,1995.0,0,0,0,0,0,0,0,0,1,0,0,0,0,0,0,0,0,0,0
539,44,2.477272727272727,1997.0,0,0,0,0,1,1,0,0,0,0,0,0,0,0,0,0,0,0,0
821,22,3.0454545454545454,1996.0,0,0,0,0,0,1,0,0,0,0,0,0,0,0,1,0,0,0,0
364,37,2.675675675675676,1995.0,0,0,0,0,0,1,0,0,0,0,0,0,0,0,0,0,0,0,0
553,63,3.2857142857142856,1995.0,0,0,0,0,0,0,0,0,1,0,0,0,0,0,1,0,0,0,0
313,350,4.2457142857142856,1997.0,0,1,0,0,0,0,0,0,1,0,0,0,0,0,1,0,0,0,0
1218,26,3.4615384615384617,1995.0,0,0,0,0,0,1,0,0,0,0,0,0,0,0,0,0,0,0,0
115,15,3.7333333333333334,1995.0,0,0,0,0,0,0,0,1,0,0,0,0,0,0,0,0,0,0,0
1129,28,3.5714285714285716,1994.0,0,0,0,0,0,0,0,0,1,0,0,0,0,1,1,0,0,0,0
493,60,4.15,1934.0,0,0,0,0,0,0,0,0,0,0,0,0,0,1,0,0,0,0,0
36,13,2.1538461538461537,1995.0,0,0,0,0,0,0,0,0,1,0,0,0,0,0,1,0,0,0,0
205,136,3.9926470588235294,1970.0,0,0,0,0,0,0,0,0,1,0,0,0,0,0,0,0,0,1,0
102,54,3.1296296296296298,1970.0,0,0,0,1,1,0,0,0,0,0,0,0,0,0,0,0,0,0,0
1249,12,2.8333333333333335,1993.0,0,0,0,0,0,1,0,0,0,0,0,0,0,0,0,0,0,0,0
773,17,2.9411764705882355,1994.0,0,0,0,0,0,0,0,0,0,0,0,0,0,0,0,0,1,0,0
494,56,4.0,1940.0,0,0,0,0,0,1,0,0,0,0,0,0,0,0,0,0,0,0,0
192,116,4.120689655172414,1980.0,0,0,0,0,0,0,0,0,1,0,0,0,0,0,0,0,0,0,0
687,69,2.1884057971014492,1997.0,0,0,0,0,0,1,0,0,0,0,0,0,0,0,0,0,0,1,0
772,49,3.061224489795918,1995.0,0,0,0,0,0,0,0,0,1,0,0,0,0,0,0,0,0,0,0
921,46,3.9782608695652173,1993.0,0,0,0,0,0,0,0,0,1,0,0,0,0,0,1,0,0,0,0
42,148,3.804054054054054,1994.0,0,0,0,0,0,1,0,0,0,0,0,0,0,0,0,0,0,0,0
469,67,3.7761194029850746,1993.0,0,0,0,0,0,0,0,0,1,0,0,0,0,0,0,0,0,0,0
874,39,3.2564102564102564,1997.0,0,0,0,0,0,0,0,0,1,0,0,0,0,0,0,0,0,0,0
1216,6,3.0,1996.0,0,0,0,0,0,0,0,0,0,0,0,0,0,0,1,0,0,0,0
1139,33,2.606060606060606,1995.0,0,1,0,0,0,0,1,0,0,0,0,0,0,0,0,0,1,0,0
547,41,3.341463414634146,1995.0,0,0,0,0,0,0,1,0,0,0,0,0,0,0,0,0,0,0,0
157,127,3.6929133858267718,1986.0,0,0,0,0,0,0,0,0,1,0,0,0,0,0,0,0,0,1,0
1208,20,2.85,1995.0,0,0,0,0,0,0,1,0,1,0,0,0,0,0,0,0,1,0,0
1157,25,2.88,1997.0,0,0,0,0,0,0,0,0,0,0,0,1,0,0,0,0,0,0,0
808,31,2.838709677419355,1993.0,0,1,0,0,0,0,0,0,1,0,0,0,0,0,0,0,0,0,0
906,21,3.1904761904761907,1997.0,0,0,0,0,0,0,0,0,1,0,0,0,0,0,1,0,0,0,0
535,54,3.1666666666666665,1997.0,0,0,0,0,0,1,0,0,0,0,0,0,0,0,1,0,0,0,0
470,108,3.6666666666666665,1993.0,0,0,0,0,0,0,0,0,0,0,0,0,0,0,0,0,0,0,1
714,13,3.230769230769231,1995.0,0,0,0,0,0,0,0,0,1,0,0,0,0,0,1,0,0,0,0
939,60,3.6,1995.0,0,0,0,0,0,0,0,0,1,0,0,0,0,0,0,0,1,0,0
738,31,2.838709677419355,1994.0,0,0,0,0,0,1,0,0,0,0,0,0,0,0,1,0,0,0,0
525,73,4.027397260273973,1946.0,0,0,0,0,0,0,0,0,0,0,1,0,0,1,0,0,0,0,0
340,189,3.5873015873015874,1997.0,0,0,0,0,0,0,0,0,1,0,0,0,0,0,0,0,0,0,0
1037,24,2.0,1982.0,0,0,0,0,0,1,0,0,0,0,0,0,1,0,1,0,0,0,0
530,80,4.025,1975.0,0,0,1,0,0,0,0,0,0,0,0,0,0,0,0,0,0,0,0
528,121,4.132231404958677,1984.0,0,0,0,0,0,0,0,0,1,0,0,0,0,0,0,0,0,1,0
754,57,3.3859649122807016,1997.0,0,0,0,0,0,0,1,0,0,0,0,0,0,0,0,0,1,0,0
1436,2,2.5,1993.0,0,0,0,0,0,0,0,0,1,0,0,0,0,0,1,0,0,0,0
771,41,2.6341463414634148,1995.0,0,1,0,0,0,0,0,0,0,0,0,0,0,0,0,1,1,0,0
226,166,3.355421686746988,1990.0,0,1,0,0,0,0,0,0,0,0,0,0,0,0,0,0,1,0,0
1383,6,2.0,1997.0,0,0,1,0,1,0,0,0,0,0,0,0,0,0,0,0,0,0,0
745,16,3.875,1972.0,0,0,0,0,0,1,0,0,0,0,0,0,0,0,0,0,0,0,0
1316,7,2.7142857142857144,1998.0,0,0,0,0,0,0,0,0,1,0,0,0,0,0,0,0,0,0,0
846,44,3.0681818181818183,1996.0,0,0,0,0,0,0,0,0,1,0,0,0,0,0,1,0,0,0,0
605,31,3.3548387096774195,1944.0,0,0,0,0,0,0,0,0,0,0,0,0,1,0,0,0,0,0,0
575,44,2.5454545454545454,1994.0,0,0,0,0,0,1,0,0,0,0,0,0,0,0,0,0,0,0,1
1284,26,2.8461538461538463,1996.0,0,0,0,0,0,0,0,0,1,0,0,0,0,1,0,0,0,0,0
1298,9,3.6666666666666665,1953.0,0,0,0,0,0,1,0,0,0,0,0,0,1,0,0,0,0,0,0
529,93,3.978494623655914,1985.0,0,0,0,0,0,0,0,0,1,0,0,0,0,0,0,0,0,0,0
743,39,1.9487179487179487,1996.0,0,1,0,0,0,0,0,0,0,0,0,0,0,0,0,0,1,0,0
840,53,2.660377358490566,1996.0,0,1,0,0,0,0,0,0,1,0,0,0,0,0,0,0,0,0,1
244,48,3.1666666666666665,1997.0,0,1,0,0,0,0,0,0,1,0,0,0,0,0,0,0,1,0,0
760,46,2.652173913043478,1995.0,0,0,0,0,0,0,0,0,0,0,0,0,0,0,0,1,0,0,0
1006,23,2.8260869565217392,1991.0,0,0,0,0,0,0,0,0,1,0,0,0,0,0,0,1,0,0,0
1228,48,2.4583333333333335,1995.0,0,1,0,0,0,0,0,0,0,0,0,0,0,0,0,0,0,0,0
1095,29,2.6206896551724137,1996.0,0,0,0,0,0,1,0,0,0,0,0,0,0,0,0,0,0,0,0
34,7,2.7142857142857144,1995.0,0,0,0,0,0,1,0,0,1,0,0,0,0,0,0,0,0,0,0
103,15,1.8666666666666667,1996.0,0,0,0,1,1,0,0,0,0,0,0,0,1,0,0,0,0,0,0
441,53,2.5660377358490565,1979.0,0,0,0,0,0,0,0,0,0,0,0,1,0,0,0,0,0,0,0
90,95,3.0526315789473686,1993.0,0,0,0,0,0,1,0,0,0,0,0,0,0,0,1,0,1,0,0
1005,22,3.6818181818181817,1991.0,0,0,0,0,0,0,0,0,1,0,0,0,0,0,0,0,0,0,0
863,24,3.9166666666666665,1970.0,0,0,0,0,0,0,0,0,1,0,0,0,0,0,0,0,0,0,0
473,126,3.126984126984127,1996.0,0,0,0,1,1,0,0,0,0,0,0,0,1,0,0,0,0,0,0
1281,13,3.1538461538461537,1996.0,0,0,0,0,0,0,0,0,1,0,0,0,0,0,0,0,0,0,0
356,97,3.381443298969072,1994.0,0,0,0,0,0,0,0,0,1,0,0,0,0,1,0,0,1,0,0
630,31,3.2903225806451615,1965.0,0,0,0,0,0,1,0,0,0,0,0,0,1,0,0,0,0,0,0
793,10,3.5,1994.0,0,0,0,0,0,1,0,0,0,0,0,0,0,0,0,0,0,0,0
766,9,3.111111111111111,1995.0,0,0,0,0,0,0,0,1,0,0,0,0,0,0,0,0,0,0,0
1206,19,2.6842105263157894,1993.0,0,0,0,0,0,1,0,0,0,0,0,0,0,0,0,0,0,0,0
1342,2,2.5,1995.0,0,0,0,0,0,0,0,0,1,0,0,0,0,0,0,0,0,0,0
980,22,3.1818181818181817,1996.0,0,0,0,0,0,0,0,0,1,0,0,0,0,0,0,0,0,0,0
1263,15,2.933333333333333,1996.0,0,0,0,0,0,0,0,0,1,0,0,0,0,0,0,0,0,0,0
1376,7,2.142857142857143,1997.0,0,0,0,0,0,1,0,0,0,0,0,0,0,0,0,0,0,0,0
1182,13,2.3076923076923075,1994.0,0,0,0,0,0,1,0,0,0,0,0,0,0,0,0,0,0,0,0
457,27,1.7407407407407407,1997.0,0,0,1,0,1,0,0,0,1,0,0,0,0,0,0,0,0,0,0
710,79,3.569620253164557,1985.0,0,0,0,0,0,1,0,0,0,0,0,0,0,0,0,0,0,0,0
615,59,4.0508474576271185,1935.0,0,0,0,0,0,0,0,0,0,0,0,0,0,0,0,0,1,0,0
101,73,3.26027397260274,1981.0,0,1,1,1,0,0,0,0,0,0,0,1,0,0,0,1,0,0,0
697,40,3.425,1995.0,0,0,0,0,0,0,0,0,1,0,0,0,0,0,0,0,0,0,0
1199,23,2.869565217391304,1994.0,0,0,0,0,0,1,0,0,0,0,0,1,0,0,0,0,0,0,0
395,56,2.5892857142857144,1993.0,0,0,0,0,0,1,0,0,0,0,0,0,0,0,0,0,0,0,0
983,15,2.4,1996.0,0,0,0,0,0,0,0,0,0,0,0,0,0,0,0,0,1,0,0
684,169,3.7928994082840237,1993.0,0,1,0,0,0,0,0,0,0,0,0,0,0,0,0,0,1,0,0
971,34,3.676470588235294,1991.0,0,0,0,0,0,1,0,0,0,0,0,0,0,0,0,0,0,1,0
1116,13,3.6153846153846154,1940.0,0,0,1,0,0,0,0,0,0,0,0,0,0,0,0,0,0,0,0
267,9,3.4444444444444446,1994.0,1,0,0,0,0,0,0,0,0,0,0,0,0,0,0,0,0,0,0
556,12,2.5,1995.0,0,0,0,0,0,0,0,0,0,0,0,0,0,0,0,0,0,0,1
853,14,3.857142857142857,1992.0,0,0,0,0,0,1,0,0,0,0,0,1,0,0,0,0,0,0,0
311,75,3.68,1997.0,0,0,0,0,0,0,0,0,1,0,0,0,0,0,1,0,1,0,0
1073,66,3.8181818181818183,1994.0,0,0,0,0,0,0,0,0,0,0,0,0,0,0,0,0,1,0,0
975,44,3.159090909090909,1996.0,0,0,0,0,0,0,0,0,0,0,0,0,0,0,0,0,1,0,0
361,10,3.5,1997.0,0,0,0,0,0,0,1,0,0,0,0,0,0,0,0,0,1,0,0
643,4,3.0,1994.0,0,0,0,0,0,0,0,0,1,0,0,0,0,0,1,0,0,0,0
704,24,3.0416666666666665,1993.0,0,0,0,0,0,0,0,0,1,0,0,0,0,0,1,0,0,0,0
997,16,2.125,1995.0,0,0,0,0,0,1,0,0,0,0,0,0,0,0,0,0,0,0,0
260,127,2.574803149606299,1997.0,0,1,0,0,0,0,0,0,0,0,0,0,0,1,0,1,1,0,0
990,33,3.090909090909091,1997.0,0,0,0,0,0,0,0,0,1,0,0,0,0,0,1,0,0,0,0
969,75,3.8,1968.0,0,0,0,1,1,0,0,0,0,0,0,0,0,0,0,0,0,0,0
167,67,2.955223880597015,1980.0,0,0,0,0,0,1,0,0,0,0,0,0,0,0,0,0,0,0,0
650,72,3.5416666666666665,1957.0,0,0,0,0,0,0,0,0,1,0,0,0,0,0,0,0,0,0,0
320,20,4.05,1996.0,0,0,0,0,0,0,0,1,0,0,0,0,0,0,0,0,0,0,0
63,82,3.097560975609756,1994.0,0,0,0,0,1,1,0,0,0,0,0,0,0,0,0,0,0,0,0
965,21,3.6666666666666665,1957.0,0,0,0,0,0,1,0,0,0,0,0,0,1,0,0,0,0,0,0
652,90,3.888888888888889,1990.0,0,0,0,0,0,1,0,0,1,0,0,0,0,0,0,0,0,0,0
1059,35,2.7714285714285714,1996.0,0,0,0,0,0,1,0,0,0,0,0,0,0,0,0,0,0,0,0
882,34,3.2941176470588234,1997.0,0,0,0,0,0,0,0,0,1,0,0,0,0,0,0,0,0,0,0
1164,6,2.1666666666666665,1997.0,0,0,0,0,1,0,0,0,0,0,0,0,0,0,0,0,0,0,0
1207,17,2.2941176470588234,1995.0,0,0,0,0,0,0,0,0,0,0,0,0,0,0,0,0,1,0,0
786,14,2.642857142857143,1995.0,0,0,0,0,0,1,0,0,0,0,0,0,0,0,1,0,0,0,0
614,51,3.7450980392156863,1956.0,0,0,0,0,0,0,0,0,1,0,0,0,0,0,0,0,0,0,0
810,45,2.888888888888889,1994.0,0,1,0,0,0,0,0,0,0,0,0,0,0,0,0,0,0,0,0
1222,25,2.68,1993.0,0,1,0,0,0,0,0,0,0,0,0,0,0,0,0,0,0,0,0
139,50,2.78,1969.0,0,0,0,0,1,1,0,0,0,0,0,0,0,0,0,0,0,0,0
769,42,2.4523809523809526,1995.0,0,1,1,0,0,0,0,0,0,0,0,0,0,1,0,1,0,0,0
765,32,2.8125,1992.0,0,0,0,0,0,1,0,0,0,0,0,0,0,0,1,0,0,0,0
67,103,3.0485436893203883,1994.0,0,0,0,0,0,1,0,0,0,0,0,0,0,0,0,0,0,0,0
624,22,3.272727272727273,1945.0,0,0,0,1,1,0,0,0,0,0,0,0,1,0,0,0,0,0,0
1001,17,2.0,1996.0,0,0,0,0,0,1,0,0,0,0,0,0,0,0,0,0,0,0,0
797,31,3.096774193548387,1994.0,0,1,0,0,0,0,0,0,0,0,0,0,0,0,0,1,0,0,0
883,13,3.230769230769231,1997.0,0,0,0,0,0,0,0,0,1,0,0,0,0,0,0,0,0,0,0
752,39,3.3076923076923075,1998.0,0,1,0,0,0,0,0,0,0,0,0,0,0,0,0,0,1,0,0
1315,23,3.130434782608696,1997.0,0,0,0,0,0,0,0,0,1,0,0,0,0,0,1,0,0,0,0
560,22,2.727272727272727,1995.0,0,0,1,0,1,1,0,0,0,1,0,0,0,0,1,1,0,0,0
345,65,3.4,1997.0,0,0,0,0,0,1,0,0,1,0,0,0,0,0,0,0,0,0,0
1194,31,4.064516129032258,1994.0,0,0,0,0,0,0,1,0,1,0,0,0,0,0,0,0,0,0,0
464,27,3.5925925925925926,1994.0,0,0,0,0,0,0,0,0,1,0,0,0,0,0,0,0,0,0,0
1348,1,1.0,1990.0,0,0,0,0,0,0,0,0,1,0,0,0,0,0,0,0,0,0,0
932,40,2.925,1996.0,0,0,0,0,1,1,0,0,0,0,0,0,0,0,0,0,0,0,0
1179,9,2.111111111111111,1995.0,0,0,0,0,0,1,0,0,0,0,0,0,0,0,0,0,0,0,0
536,10,3.3,1996.0,0,0,0,0,0,0,0,0,1,0,0,0,0,0,0,0,0,0,0
369,55,2.6363636363636362,1996.0,0,0,0,0,0,1,0,0,0,0,0,0,0,0,0,0,0,0,0
1250,6,1.5,1995.0,0,1,0,0,0,0,0,0,0,0,0,0,0,0,0,0,0,0,0
880,59,3.169491525423729,1997.0,0,0,0,0,0,0,0,0,1,0,0,0,0,0,0,0,0,0,0
629,77,3.3376623376623376,1982.0,0,0,0,0,0,1,0,0,0,0,0,0,1,0,0,0,0,0,0
775,26,2.769230769230769,1995.0,0,0,0,0,0,1,0,0,1,0,0,0,0,0,1,0,0,0,0
1289,7,2.142857142857143,1995.0,0,0,0,0,0,0,0,0,0,0,0,0,0,0,1,0,0,0,0
544,71,3.1549295774647885,1995.0,0,0,0,0,0,0,1,0,1,0,0,0,0,0,1,0,0,0,0
170,121,4.1735537190082646,1988.0,0,0,0,0,0,1,0,0,1,0,0,0,0,0,1,0,0,0,0
1518,12,3.0,1995.0,0,0,0,0,0,0,0,0,1,0,0,0,0,0,0,0,0,0,0
413,55,2.6363636363636362,1996.0,0,0,0,0,0,0,0,0,0,0,0,1,0,0,0,0,0,0,0
618,18,3.611111111111111,1955.0,0,0,0,0,0,0,0,0,1,0,0,0,0,0,0,0,0,0,0
326,175,3.36,1997.0,0,1,0,0,0,0,0,0,1,0,0,0,0,0,0,0,0,1,0
123,115,3.234782608695652,1996.0,0,0,0,0,0,1,0,0,0,0,0,1,0,0,0,0,0,0,0
628,169,3.514792899408284,1996.0,0,0,0,0,0,0,1,0,1,0,0,0,0,0,0,0,0,0,0
262,66,3.712121212121212,1997.0,0,0,0,0,0,0,0,0,1,0,0,0,0,0,0,0,0,0,0
31,154,3.6298701298701297,1995.0,0,0,0,0,0,0,0,0,1,0,0,0,0,0,0,0,1,1,0
1180,10,2.5,1994.0,0,1,0,0,0,1,0,0,0,0,0,0,0,0,0,0,0,0,0
414,62,3.532258064516129,1982.0,0,0,0,0,0,1,0,0,0,0,0,0,0,0,0,0,0,0,0
490,50,4.02,1955.0,0,0,0,0,0,1,0,0,0,0,0,0,0,0,1,0,1,0,0
839,4,2.5,1995.0,0,0,0,0,0,0,0,0,0,0,0,1,0,0,0,0,1,0,0
453,16,1.9375,1983.0,0,1,0,0,0,0,0,0,0,0,0,1,0,0,0,0,0,0,0
149,23,3.0,1996.0,0,0,0,0,0,0,0,0,1,0,0,0,0,0,0,0,0,0,0
1320,1,1.0,1995.0,0,0,0,0,0,0,0,0,1,0,0,0,0,0,0,0,0,0,0
827,57,2.7719298245614037,1996.0,0,1,1,0,0,0,0,0,0,0,0,0,0,0,0,0,1,0,0
124,187,4.053475935828877,1996.0,0,0,0,0,0,0,0,0,1,0,0,0,0,1,0,0,0,0,0
570,50,3.1,1994.0,0,0,0,0,0,0,0,0,0,0,0,0,0,0,0,0,0,0,1
843,30,3.0,1959.0,0,0,0,0,1,1,0,0,0,0,0,0,0,0,0,0,0,0,0
844,42,3.357142857142857,1996.0,0,0,0,0,0,0,1,0,0,0,0,0,0,0,0,0,0,0,0
420,81,3.6666666666666665,1951.0,0,0,0,1,1,0,0,0,0,0,0,0,1,0,0,0,0,0,0
590,18,2.0,1996.0,0,1,0,0,0,0,0,0,0,0,0,1,0,0,0,1,0,0,0
1230,18,1.8333333333333333,1994.0,0,0,0,0,0,1,0,0,0,0,0,0,0,0,0,0,0,0,0
1324,5,2.4,1994.0,0,0,0,0,0,0,0,0,1,0,0,0,0,0,0,0,1,0,0
895,106,3.2169811320754715,1997.0,0,0,0,0,0,0,0,0,0,0,0,1,0,0,0,0,1,0,0
1149,26,3.8461538461538463,1971.0,0,0,0,0,0,0,0,0,1,0,0,0,0,0,0,0,0,0,0
567,35,2.8,1994.0,0,0,0,0,0,0,0,0,0,0,0,1,0,0,0,0,0,0,0
606,66,4.045454545454546,1950.0,0,0,0,0,0,0,0,0,1,0,0,0,0,0,0,0,0,0,0
816,21,2.4285714285714284,1995.0,0,0,0,0,0,0,0,0,0,0,0,1,0,0,0,0,0,0,0
672,65,2.723076923076923,1992.0,0,0,0,0,0,0,0,0,0,0,0,1,0,0,0,0,0,0,0
584,79,3.5443037974683542,1993.0,0,0,0,0,1,0,0,0,1,0,0,0,0,0,0,0,0,0,0
521,120,3.8333333333333335,1978.0,0,0,0,0,0,0,0,0,1,0,0,0,0,0,0,0,0,1,0
728,45,3.022222222222222,1994.0,0,0,0,0,0,1,0,0,0,0,0,0,0,0,0,1,0,0,0
689,87,3.1494252873563218,1997.0,0,1,0,0,0,0,0,0,0,0,0,0,0,0,0,0,1,0,0
329,45,3.3333333333333335,1998.0,0,0,0,0,0,0,1,0,1,0,0,0,0,0,0,0,1,0,0
859,15,2.6666666666666665,1986.0,0,0,0,0,0,1,0,0,0,0,0,1,0,0,0,0,0,0,0
456,48,2.3125,1997.0,0,1,0,0,0,1,0,0,0,0,0,0,0,0,0,0,0,0,0
791,10,2.5,1995.0,0,0,0,0,1,0,0,0,0,0,0,0,0,0,0,0,0,0,0
159,101,3.227722772277228,1992.0,0,0,0,0,0,0,0,0,0,0,0,0,0,1,0,0,1,0,0
489,52,4.115384615384615,1946.0,0,0,0,0,0,0,0,0,0,0,1,0,0,0,1,0,1,0,0
1266,12,3.1666666666666665,1973.0,0,0,0,0,0,0,0,0,1,0,0,0,0,0,0,0,0,0,0
1416,5,2.4,1994.0,0,1,0,0,0,0,0,0,0,0,0,0,0,0,0,1,0,0,0
988,86,2.313953488372093,1997.0,0,0,0,0,0,1,0,0,0,0,0,0,0,0,1,0,0,0,0
636,91,3.241758241758242,1981.0,0,1,1,0,0,0,0,0,0,0,0,0,0,0,0,1,1,0,0
1411,28,2.5714285714285716,1968.0,0,0,1,0,0,0,0,0,0,0,0,0,0,0,0,1,0,0,0
533,15,3.6666666666666665,1996.0,0,0,0,0,0,0,0,0,0,0,0,0,0,1,0,0,0,0,0
1394,7,2.4285714285714284,1997.0,0,0,0,0,0,0,0,0,0,0,0,0,0,0,1,0,0,0,0
819,40,2.7,1996.0,0,0,0,0,0,1,0,0,0,0,0,0,0,0,0,0,0,0,0
495,59,3.6610169491525424,1956.0,0,0,1,0,0,1,0,0,0,0,0,0,0,0,0,0,0,0,0
1093,23,3.0869565217391304,1995.0,0,0,0,0,0,1,0,0,0,0,0,0,0,0,0,0,0,0,0
1492,1,4.0,1994.0,0,0,0,0,0,1,0,0,0,0,0,0,0,0,0,0,0,0,0
30,37,3.945945945945946,1967.0,0,0,0,0,0,0,0,0,1,0,0,0,0,0,0,0,0,0,0
314,5,1.0,1998.0,0,1,0,0,1,0,0,0,0,0,0,0,0,0,0,0,0,0,0
958,14,3.7857142857142856,1994.0,0,0,0,0,0,0,0,0,1,0,0,0,0,0,0,0,0,0,0
841,48,2.75,1996.0,0,1,0,0,0,0,0,0,0,0,0,0,0,0,0,0,1,0,0
838,4,2.75,1987.0,0,1,0,0,0,0,0,0,0,0,0,0,0,0,0,0,0,0,0
702,53,3.018867924528302,1994.0,0,0,0,0,0,1,0,0,0,0,0,0,0,0,1,0,0,0,0
1020,35,3.8857142857142857,1944.0,0,0,0,0,0,0,0,0,0,0,0,0,0,1,0,0,1,0,0
947,17,3.235294117647059,1988.0,0,0,1,0,0,0,0,0,0,0,0,0,0,0,1,0,0,0,0
1000,10,3.0,1994.0,0,0,0,0,0,1,0,0,0,0,0,0,0,0,0,0,0,0,1
104,5,1.4,1995.0,0,0,0,0,0,1,0,0,0,0,0,0,0,0,0,0,0,0,0
1322,6,2.3333333333333335,1993.0,0,0,0,0,0,1,0,0,0,0,0,0,0,0,0,0,0,0,0
622,39,3.358974358974359,1960.0,0,0,1,0,1,0,0,0,0,0,0,0,0,0,0,0,0,0,0
481,63,3.9365079365079363,1960.0,0,0,0,0,0,1,0,0,1,0,0,0,0,0,0,0,0,0,0
532,22,3.3181818181818183,1996.0,0,0,0,0,0,0,0,0,0,0,0,0,0,0,1,0,0,0,0
915,13,3.923076923076923,1998.0,0,0,0,0,0,0,0,0,1,0,0,0,0,0,0,0,0,0,0
502,57,3.7017543859649122,1971.0,0,0,0,0,0,1,0,0,0,0,0,0,0,0,0,0,0,1,0
1291,15,2.2,1996.0,0,0,0,0,0,1,0,0,0,0,0,0,0,0,0,0,0,0,0
330,41,3.024390243902439,1997.0,0,0,0,0,0,0,0,0,1,0,0,0,0,0,0,0,0,0,0
802,40,2.7,1993.0,0,1,1,0,0,0,1,0,0,0,0,0,0,0,0,0,1,0,0
37,8,2.25,1994.0,0,0,0,0,0,0,0,0,1,0,0,0,0,0,0,0,0,0,0
1025,44,2.9318181818181817,1997.0,0,1,0,0,0,0,0,0,1,0,0,0,0,0,0,0,1,0,0
1364,1,1.0,1996.0,0,1,0,0,0,0,0,0,0,0,0,0,0,0,0,0,0,0,0
266,35,2.7142857142857144,1997.0,0,1,1,0,0,0,0,0,0,0,0,0,0,0,0,0,0,0,0
727,63,3.4603174603174605,1994.0,0,0,0,0,0,0,0,0,1,0,0,0,0,0,1,0,0,0,0
828,13,2.6923076923076925,1996.0,0,0,1,0,1,0,0,0,0,0,0,0,0,0,0,0,0,0,0
548,12,2.1666666666666665,1994.0,0,0,0,0,1,0,0,0,0,1,0,0,0,0,0,0,0,0,0
1132,32,2.625,1996.0,0,0,0,0,0,0,0,0,1,0,0,0,0,0,1,0,0,0,0
993,66,3.515151515151515,1997.0,0,0,1,1,1,1,0,0,0,0,0,0,1,0,0,0,0,0,0
136,105,4.123809523809523,1939.0,0,0,0,0,0,0,0,0,1,0,0,0,0,0,0,0,0,0,0
996,14,2.5,1995.0,0,0,0,0,1,1,0,0,0,0,0,0,0,0,0,0,0,0,0
562,48,3.2083333333333335,1995.0,0,1,1,0,0,0,0,0,0,0,0,0,0,0,0,0,0,0,1
653,34,3.911764705882353,1958.0,0,0,0,0,0,0,1,0,0,0,1,0,0,0,0,0,1,0,0
74,7,3.0,1965.0,0,1,0,0,0,1,0,0,1,0,0,0,0,0,0,0,0,0,0
1493,1,1.0,1995.0,0,0,0,0,0,0,0,0,0,0,0,0,0,0,1,0,0,0,0
45,80,4.05,1994.0,0,0,0,0,0,1,0,0,1,0,0,0,0,0,0,0,0,0,0
867,6,4.0,1996.0,0,0,0,0,0,0,0,0,1,0,0,0,0,0,0,0,0,0,0
876,47,2.702127659574468,1997.0,0,1,0,0,0,1,0,0,0,0,0,0,0,0,0,0,0,0,0
158,60,2.6166666666666667,1989.0,0,0,0,0,0,1,0,0,0,0,0,0,0,0,0,0,0,0,0
1183,19,2.210526315789474,1994.0,0,1,0,0,0,1,0,0,0,0,0,0,0,0,0,0,0,0,0
1118,47,3.25531914893617,1978.0,0,0,0,0,0,1,0,0,0,0,0,0,0,0,0,0,0,0,0
500,31,3.903225806451613,1996.0,0,0,1,0,1,0,0,0,0,0,0,0,0,0,0,0,0,0,0
610,41,3.658536585365854,1958.0,0,0,0,0,0,0,0,0,0,0,0,0,1,0,0,0,0,0,0
887,64,3.609375,1997.0,0,0,0,0,0,0,0,0,1,0,0,0,0,0,0,0,0,0,0
1299,8,3.0,1941.0,0,0,0,0,0,0,0,0,1,0,0,0,0,0,1,0,0,0,0
918,8,3.0,1998.0,0,0,0,0,0,0,0,0,0,0,0,0,0,0,1,0,0,0,0
41,37,3.081081081081081,1995.0,0,0,0,0,0,1,0,0,0,0,0,0,0,0,0,0,0,0,0
1066,16,3.0,1995.0,0,0,0,1,1,0,0,0,0,0,0,0,0,0,0,0,0,0,0
336,43,2.627906976744186,1997.0,0,0,0,0,0,0,1,0,0,0,0,0,0,0,0,0,1,0,0
1117,19,3.1052631578947367,1996.0,0,0,0,0,0,0,0,0,1,0,0,0,0,0,0,0,0,0,0
1169,10,4.1,1994.0,0,0,0,0,0,0,0,0,1,0,0,0,0,0,0,0,0,0,0
1262,8,3.625,1996.0,0,0,0,0,0,0,0,0,0,0,0,0,0,0,1,0,0,0,0
348,27,3.2962962962962963,1998.0,0,0,0,0,0,0,1,0,1,0,0,0,0,0,0,0,1,0,0
270,136,3.5955882352941178,1997.0,0,0,0,0,0,0,0,0,1,0,0,0,0,0,0,1,1,0,0
1053,24,3.4583333333333335,1995.0,0,0,0,0,0,0,0,0,1,0,0,0,0,0,0,0,0,0,0
1464,3,2.3333333333333335,1995.0,0,0,0,0,0,0,0,0,1,0,0,0,0,0,0,0,0,0,0
374,11,2.272727272727273,1995.0,0,1,0,0,1,0,0,0,0,0,0,0,0,0,0,0,0,0,0
621,11,2.909090909090909,1955.0,0,0,0,0,0,0,0,0,0,0,0,0,0,0,0,0,0,0,1
607,66,3.9696969696969697,1940.0,0,0,0,0,0,0,0,0,0,0,0,0,0,0,1,0,1,0,0
1030,20,2.25,1993.0,0,0,0,0,0,1,0,0,0,0,0,0,0,0,0,0,0,0,0
777,4,1.25,1995.0,0,0,0,0,0,0,0,0,0,0,0,1,0,0,0,0,0,0,0
700,15,2.6,1995.0,0,0,0,0,0,1,0,0,0,0,0,0,0,0,0,0,0,0,0
297,50,3.96,1997.0,0,0,0,0,0,0,0,0,1,0,0,0,0,0,0,0,0,0,0
925,34,3.323529411764706,1996.0,0,0,0,0,0,0,0,0,0,0,0,0,0,0,0,1,1,0,0
928,104,3.1153846153846154,1996.0,0,0,0,0,0,0,0,0,1,0,0,1,0,0,0,0,0,0,0
394,12,3.3333333333333335,1994.0,0,0,0,0,0,1,0,0,0,0,0,0,0,1,1,0,0,0,0
549,92,3.5652173913043477,1995.0,0,0,0,0,0,0,0,0,1,0,0,0,0,0,1,0,0,1,0
999,10,2.8,1994.0,0,0,0,0,0,1,0,0,0,0,0,0,0,0,0,0,0,0,0
1471,9,2.4444444444444446,1995.0,0,0,0,0,0,0,0,0,0,0,0,0,0,0,0,0,1,0,0
341,11,3.090909090909091,1997.0,0,0,0,0,0,1,0,0,0,0,0,0,0,0,0,0,0,0,0
1009,64,3.375,1996.0,0,0,0,0,0,0,0,0,1,0,0,0,0,0,0,0,0,0,0
391,59,2.7457627118644066,1993.0,0,1,0,0,0,1,0,0,0,0,0,0,0,0,0,0,0,0,0
467,48,3.7916666666666665,1993.0,0,0,0,0,0,0,0,0,1,0,0,0,0,0,0,0,0,0,0
811,18,3.9444444444444446,1993.0,0,0,0,0,0,0,0,1,0,0,0,0,0,0,0,0,0,0,0
805,27,3.6296296296296298,1993.0,0,0,0,0,0,1,0,0,0,0,0,0,0,1,0,0,0,0,0
519,80,4.1,1948.0,0,0,1,0,0,0,0,0,0,0,0,0,0,0,0,0,0,0,0
1036,24,2.75,1991.0,0,0,0,0,0,1,0,0,0,1,0,0,0,0,0,0,0,0,0
84,18,3.0,1994.0,0,0,0,0,0,0,0,0,0,0,0,1,0,0,0,1,0,0,0
894,19,1.894736842105263,1997.0,0,0,0,0,1,1,0,0,0,0,0,0,0,0,0,0,0,0,0
574,15,2.2,1993.0,0,0,0,0,0,0,0,0,0,0,0,0,0,1,1,0,1,0,0
1113,22,3.272727272727273,1994.0,0,0,0,0,0,0,0,0,1,0,0,0,0,0,0,0,0,0,0
1306,2,3.0,1994.0,0,0,0,0,0,0,0,0,1,0,0,0,0,0,0,0,0,0,0
638,44,3.772727272727273,1982.0,0,0,0,0,0,0,0,0,1,0,0,0,0,0,0,0,0,0,0
1314,11,2.4545454545454546,1994.0,0,1,1,0,0,0,0,0,0,0,0,0,0,0,0,0,1,0,0
1131,13,4.0,1995.0,0,0,0,0,0,0,0,0,0,0,0,0,0,0,0,0,1,0,0
1069,18,3.1666666666666665,1994.0,0,0,0,0,0,0,1,0,1,0,0,0,0,0,0,0,1,0,0
1084,21,3.857142857142857,1995.0,0,0,0,0,0,0,0,1,0,0,0,0,0,0,0,0,0,0,0
1407,20,2.25,1994.0,0,1,0,0,0,0,0,0,0,0,0,0,0,0,0,0,0,0,0
878,33,2.515151515151515,1997.0,0,0,0,0,1,1,0,0,0,0,0,0,0,1,0,0,0,0,0
1242,5,2.6,1991.0,0,0,0,0,0,1,0,0,0,0,0,0,0,0,0,0,0,0,0
359,18,3.5,1997.0,0,0,0,0,0,0,0,0,0,0,0,0,0,0,0,0,1,0,0
579,19,2.6315789473684212,1993.0,0,0,0,0,0,1,0,0,0,0,0,0,0,0,0,0,0,0,0
884,7,3.2857142857142856,1997.0,0,0,0,0,0,0,0,1,0,0,0,0,0,0,0,0,0,0,0
691,16,3.5,1998.0,0,0,0,0,0,0,0,0,0,0,1,0,0,0,0,1,1,0,0
954,11,3.5454545454545454,1995.0,0,0,0,0,0,0,0,1,0,0,0,0,0,0,0,0,0,0,0
261,43,2.558139534883721,1997.0,0,0,0,0,1,1,0,0,0,0,0,0,0,0,0,0,0,0,0
1112,15,2.8,1994.0,0,0,0,0,0,0,0,0,1,0,0,0,0,0,0,0,0,0,0
1090,37,2.4054054054054053,1993.0,0,0,0,0,0,0,0,0,0,0,0,0,0,0,0,0,1,0,0
445,22,3.5,1945.0,0,0,0,0,0,0,0,0,0,0,0,1,0,0,0,0,0,0,0
108,65,3.076923076923077,1996.0,0,0,0,0,0,1,0,0,0,0,0,0,0,0,0,0,0,0,0
635,23,2.739130434782609,1980.0,0,0,0,0,0,0,0,0,0,0,0,1,0,0,0,0,0,0,0
1135,46,2.9782608695652173,1991.0,0,0,0,0,0,0,0,0,1,0,0,0,1,0,0,0,0,0,0
76,54,3.4074074074074074,1993.0,0,0,0,0,0,0,1,0,1,0,0,0,0,0,0,0,0,0,0
1082,8,2.625,1996.0,0,0,0,0,0,0,0,0,1,0,0,0,0,0,0,0,0,0,0
1215,30,1.9333333333333333,1996.0,0,1,0,0,0,0,0,0,0,0,0,0,0,0,0,1,0,0,0
1328,6,3.1666666666666665,1994.0,0,0,0,0,0,0,0,0,1,0,0,0,0,0,0,0,0,0,0
1013,38,2.289473684210526,1997.0,0,1,1,0,0,0,0,0,0,0,0,0,0,0,0,0,1,0,0
1170,27,3.074074074074074,1994.0,0,0,0,0,0,1,0,0,1,0,0,0,0,0,0,0,0,0,0
1265,19,3.0526315789473686,1997.0,0,0,0,0,0,0,0,0,1,0,0,0,0,0,0,0,0,0,0
735,137,3.854014598540146,1993.0,0,0,0,0,0,0,0,0,1,0,0,0,0,0,0,0,0,0,0
352,26,2.1153846153846154,1997.0,0,0,0,0,0,1,0,0,0,0,0,0,1,0,0,0,0,0,0
833,49,3.204081632653061,1996.0,0,1,0,0,0,0,0,0,0,0,0,0,0,0,0,0,0,0,0
722,58,2.9310344827586206,1995.0,0,0,0,0,0,1,0,0,0,0,0,0,0,0,0,0,0,0,0
434,67,3.8358208955223883,1956.0,0,0,0,0,0,0,0,0,0,0,0,0,0,0,0,1,0,0,0
801,16,2.8125,1994.0,0,0,0,0,0,1,0,0,0,0,0,0,0,0,0,0,0,0,0
224,44,3.7045454545454546,1996.0,0,0,0,0,0,0,0,0,1,0,0,0,0,0,0,0,0,0,0
358,143,2.6153846153846154,1997.0,0,1,1,0,0,0,0,0,0,0,0,0,0,0,0,1,1,0,0
966,26,4.1923076923076925,1957.0,0,0,0,0,0,0,0,0,0,0,0,0,0,0,1,0,0,0,0
1351,3,2.0,1996.0,0,0,0,0,0,1,0,0,0,0,0,0,0,0,0,0,0,0,0
675,54,3.5555555555555554,1922.0,0,0,0,0,0,0,0,0,0,0,0,1,0,0,0,0,0,0,0
991,25,2.24,1997.0,0,0,0,0,0,0,1,0,0,0,0,0,0,0,0,0,0,0,0
633,69,4.057971014492754,1938.0,0,0,0,0,0,0,0,0,1,0,0,0,0,0,0,0,0,0,0
1102,7,2.4285714285714284,1996.0,0,0,0,0,0,1,0,0,0,0,0,0,0,0,1,0,0,0,0
1424,3,2.3333333333333335,1994.0,0,0,0,0,0,1,0,0,1,0,0,0,0,0,1,0,0,0,0
1163,25,2.68,1996.0,0,0,0,0,0,0,0,0,1,0,0,0,0,0,0,0,0,0,0
1413,8,2.75,1994.0,0,1,0,0,0,0,0,0,0,0,0,0,0,0,0,0,0,0,0
830,1,1.0,1995.0,0,1,0,0,0,0,0,0,0,0,0,0,0,1,0,0,1,0,0
924,85,3.4,1996.0,0,0,1,0,0,0,0,0,1,0,0,0,0,0,0,0,0,0,0
976,12,1.8333333333333333,1996.0,0,1,0,0,0,0,0,0,0,0,0,0,0,0,0,1,1,0,0
825,83,3.036144578313253,1996.0,0,1,0,0,0,0,0,0,0,0,0,0,0,0,0,1,1,0,0
389,27,3.4444444444444446,1994.0,0,0,1,0,1,0,0,0,0,0,0,0,0,0,0,0,0,0,0
1189,3,5.0,1997.0,0,0,0,0,0,0,0,0,1,0,0,0,0,0,0,0,0,0,0
978,27,2.5185185185185186,1996.0,0,0,0,0,0,0,0,0,0,0,0,0,0,1,0,0,1,0,0
444,46,2.717391304347826,1958.0,0,0,0,0,0,0,0,0,0,0,0,1,0,0,0,1,0,0,0
1484,3,2.6666666666666665,1994.0,0,1,0,0,0,1,0,0,0,0,0,0,0,0,0,0,0,0,0
362,28,2.8214285714285716,1998.0,0,1,0,0,0,1,0,0,0,0,0,0,1,0,0,0,0,0,0
1442,5,2.4,1995.0,0,0,0,0,0,0,0,0,1,0,0,0,0,0,0,0,0,0,0
1419,16,2.125,1994.0,0,1,0,0,0,0,0,0,0,0,0,0,0,0,0,1,0,0,0
1241,6,2.6666666666666665,1996.0,0,0,0,0,0,1,0,0,1,0,0,0,0,0,0,0,0,0,0
613,27,4.037037037037037,1936.0,0,0,0,0,0,1,0,0,0,0,0,0,0,0,0,0,0,0,0
656,44,4.0,1931.0,0,0,0,0,0,0,1,0,0,0,1,0,0,0,0,0,1,0,0
734,27,2.5185185185185186,1993.0,0,0,0,0,0,1,0,0,0,0,0,0,0,0,0,0,0,0,0
946,61,3.1475409836065573,1981.0,0,0,0,1,1,0,0,0,0,0,0,0,0,0,0,0,0,0,0
913,2,2.5,1997.0,0,0,0,0,0,1,0,0,0,0,0,0,0,0,0,0,0,0,0
1172,15,3.6666666666666665,1939.0,0,0,0,0,0,1,0,0,0,0,0,0,0,0,0,0,0,0,0
1108,5,2.4,1995.0,0,0,0,0,0,0,0,0,1,0,0,0,0,0,0,0,0,0,0
1347,4,2.75,1958.0,0,0,0,0,0,0,0,0,1,0,0,0,0,0,0,0,0,0,0
1074,77,2.961038961038961,1994.0,0,0,0,0,0,1,0,0,1,0,0,0,0,0,0,0,0,0,0
1187,13,3.230769230769231,1975.0,0,0,0,0,0,0,1,0,0,0,0,0,0,0,0,0,0,0,0
856,36,3.8333333333333335,1991.0,0,0,0,0,0,1,0,0,1,0,0,0,0,0,0,0,0,0,0
1212,6,2.8333333333333335,1993.0,0,0,0,0,0,0,0,0,1,0,0,0,0,1,1,0,0,0,0
1105,18,2.8333333333333335,1998.0,0,1,1,0,0,0,0,0,0,0,0,0,0,0,0,0,1,0,0
6,26,3.576923076923077,1995.0,0,0,0,0,0,0,0,0,1,0,0,0,0,0,0,0,0,0,0
964,9,3.3333333333333335,1995.0,0,0,0,0,0,1,0,0,1,0,0,0,0,0,0,0,0,0,0
1043,8,3.0,1995.0,0,0,0,0,0,1,0,0,0,0,0,0,0,0,0,0,0,0,0
398,26,2.076923076923077,1993.0,0,1,1,0,1,0,0,0,0,0,0,0,0,0,0,1,0,0,0
694,44,4.045454545454546,1995.0,0,0,0,0,0,0,0,0,0,0,0,0,0,0,1,0,0,0,0
1072,7,2.4285714285714284,1995.0,0,0,0,0,0,1,0,0,0,0,0,0,0,0,1,0,0,0,0
1141,9,3.3333333333333335,1993.0,0,0,0,0,0,0,0,1,0,0,0,0,0,0,0,0,0,0,0
733,15,3.2,1994.0,0,0,0,0,0,0,0,0,1,0,0,0,0,0,1,0,0,0,0
1051,41,3.2439024390243905,1996.0,0,0,0,0,0,1,0,0,0,0,0,0,0,0,0,0,0,0,0
1478,18,2.7222222222222223,1995.0,0,1,0,0,0,0,1,0,1,0,0,0,0,0,0,0,0,0,0
19,69,3.9565217391304346,1995.0,0,0,0,0,0,0,0,0,1,0,0,0,0,0,0,0,0,0,0
1210,38,2.736842105263158,1995.0,0,0,0,0,0,0,0,0,0,0,0,0,0,0,0,1,1,0,0
962,23,3.130434782608696,1993.0,0,0,0,0,0,0,0,0,1,0,0,0,0,0,0,0,0,0,0
1203,21,4.0476190476190474,1935.0,0,0,0,0,0,1,0,0,0,0,0,0,1,0,1,0,0,0,0
563,29,2.413793103448276,1995.0,0,0,0,0,0,0,0,0,0,0,0,1,0,0,0,0,0,0,0
1097,18,3.5,1995.0,0,0,0,0,0,0,0,0,1,0,0,0,0,0,0,0,0,0,0
1292,3,1.6666666666666667,1997.0,0,0,0,0,1,0,0,0,0,1,0,0,0,0,0,0,0,0,0
458,90,3.1222222222222222,1995.0,0,0,0,0,0,0,0,0,1,0,0,0,0,0,0,0,0,0,0
871,75,2.4,1997.0,0,0,0,0,0,1,0,0,0,0,0,0,0,0,0,0,0,0,0
1062,12,3.75,1997.0,0,0,0,0,0,0,0,0,1,0,0,0,0,0,0,0,0,0,0
608,30,3.933333333333333,1945.0,0,0,0,0,0,0,0,0,0,0,0,0,0,1,1,0,1,0,0
788,3,1.6666666666666667,1994.0,0,0,0,0,0,0,0,0,0,0,0,1,0,0,0,0,1,0,0
1508,3,2.3333333333333335,1995.0,0,0,0,0,0,0,0,0,1,0,0,0,0,0,0,0,1,0,0
1283,19,2.6842105263157894,1997.0,0,0,0,0,0,1,0,0,0,0,0,0,0,0,0,0,0,0,0
557,17,3.1176470588235294,1994.0,0,0,0,0,0,0,0,0,1,0,0,0,1,0,0,0,0,0,0
936,32,3.9375,1996.0,0,0,0,0,0,1,0,0,1,0,0,0,0,0,1,0,0,0,0
1362,2,2.0,1996.0,0,1,0,0,0,0,0,0,0,0,0,0,0,0,0,0,0,0,0
551,24,2.4166666666666665,1995.0,0,0,0,0,0,0,0,0,0,0,0,1,0,0,0,0,0,0,0
1498,1,4.0,1995.0,0,0,0,0,0,1,0,0,0,0,0,0,0,0,0,0,0,0,0
782,10,2.6,1994.0,0,0,0,0,0,0,0,0,1,0,0,0,0,0,0,0,0,0,0
1225,14,2.642857142857143,1995.0,0,0,0,0,0,1,0,0,0,0,0,0,0,0,0,0,0,0,0
1050,43,3.6511627906976742,1947.0,0,0,0,0,0,0,0,0,1,0,0,0,0,0,1,0,0,0,0
986,23,2.5652173913043477,1997.0,0,0,0,0,0,0,0,0,0,0,0,0,0,0,0,0,1,0,0
1188,44,2.772727272727273,1990.0,0,1,0,0,0,1,0,0,0,0,0,0,0,0,0,0,0,0,1
1272,5,1.8,1994.0,0,0,0,0,0,1,0,0,1,0,0,0,0,0,0,0,0,0,0
1268,10,3.3,1992.0,0,0,0,0,0,0,0,0,1,0,0,0,0,0,0,0,0,0,0
415,25,2.84,1975.0,0,0,0,0,1,1,0,0,0,0,0,0,0,0,0,0,0,0,1
1372,3,3.0,1994.0,0,1,0,0,0,0,0,0,0,0,0,0,0,0,0,0,0,0,0
646,38,3.8684210526315788,1969.0,0,0,0,0,0,0,0,0,0,0,0,0,0,0,0,0,0,0,1
902,42,3.8333333333333335,1998.0,0,0,0,0,0,1,1,0,0,0,0,0,0,1,0,0,1,0,0
555,10,2.0,1995.0,0,0,0,0,0,0,0,0,1,0,0,0,0,0,0,0,0,0,0
383,31,2.064516129032258,1994.0,0,0,0,0,1,1,0,0,0,0,0,0,0,0,0,0,0,0,0
1239,18,2.4444444444444446,1995.0,0,1,1,0,0,0,0,0,0,0,0,0,0,0,1,0,0,0,0
1277,19,3.4210526315789473,1996.0,0,1,0,0,0,0,1,0,0,0,0,0,0,0,0,0,0,0,0
681,27,2.4444444444444446,1997.0,0,0,0,0,0,0,0,0,0,0,0,1,0,0,0,0,0,0,0
934,68,2.926470588235294,1996.0,0,0,0,0,0,0,0,0,1,0,0,0,0,0,0,0,0,0,0
972,28,3.1785714285714284,1992.0,0,0,0,0,0,0,0,0,1,0,0,0,0,0,0,0,0,0,0
1152,28,3.4285714285714284,1996.0,0,0,0,0,0,0,0,0,0,0,0,0,0,0,1,0,0,1,0
645,27,3.814814814814815,1990.0,0,0,0,0,0,0,0,1,0,0,0,0,0,0,0,0,0,0,0
664,46,3.5434782608695654,1984.0,0,0,0,0,0,0,0,0,1,0,0,0,0,0,0,0,0,0,0
795,21,2.4285714285714284,1994.0,0,0,0,0,1,1,0,0,0,0,0,0,0,0,0,0,0,0,0
940,32,2.34375,1994.0,0,0,0,0,0,1,0,0,0,0,0,0,0,0,0,0,0,0,0
1104,4,3.0,1992.0,0,0,0,0,0,1,1,0,1,0,0,0,0,0,0,0,0,0,0
783,37,2.72972972972973,1994.0,0,0,0,0,0,1,0,0,0,0,0,0,0,0,1,0,0,0,0
373,39,2.8974358974358974,1995.0,0,1,1,0,0,0,0,0,0,0,0,0,0,0,0,1,0,0,0
713,72,3.611111111111111,1995.0,0,0,0,0,0,0,0,0,1,0,0,0,0,0,0,0,0,0,0
1126,32,3.34375,1958.0,0,0,1,0,0,0,0,0,1,0,0,0,0,0,0,0,0,0,0
342,52,2.923076923076923,1997.0,0,0,0,0,0,1,0,0,0,0,0,0,0,1,0,0,0,0,0
1127,11,2.909090909090909,1998.0,0,0,0,0,0,0,0,0,1,0,0,0,0,0,0,0,0,0,0
1503,10,3.1,1995.0,0,0,1,0,1,0,0,0,0,0,0,0,0,0,0,0,0,0,0
818,25,2.76,1996.0,0,0,0,0,0,1,0,0,0,0,0,0,0,0,0,0,0,0,0
896,44,3.772727272727273,1997.0,0,0,0,0,0,0,0,0,1,0,0,0,0,0,0,0,0,0,0
351,20,2.7,1998.0,0,0,0,0,0,0,0,0,0,0,0,1,0,0,0,0,0,0,0
1004,9,3.111111111111111,1993.0,0,0,0,0,0,0,0,0,1,0,0,0,0,0,0,0,0,0,1
1008,37,3.3783783783783785,1996.0,0,0,0,0,0,0,0,0,1,0,0,0,0,0,0,0,0,0,0
1106,4,3.0,1998.0,0,0,0,0,0,0,1,0,1,0,0,0,0,0,0,0,0,0,0
850,4,4.0,1996.0,0,0,0,0,0,0,0,1,0,0,0,0,0,0,0,0,0,0,0
1226,32,3.375,1997.0,0,0,0,0,0,0,1,0,1,0,0,0,0,0,0,0,0,0,0
639,40,3.7,1979.0,0,0,0,0,0,0,0,0,1,0,0,0,0,0,0,0,0,0,0
422,26,2.8461538461538463,1996.0,0,0,0,1,1,1,0,0,0,0,0,0,0,0,0,0,0,0,0
910,4,2.0,1997.0,0,0,0,0,0,0,0,0,1,0,0,0,0,0,0,0,0,0,0
1500,2,5.0,1996.0,0,0,0,0,0,1,0,0,0,0,0,0,0,0,0,0,0,0,0
1463,3,3.3333333333333335,1997.0,0,0,0,0,0,1,0,0,0,0,0,0,0,0,0,0,0,0,0
1002,8,1.875,1997.0,0,0,0,0,0,1,0,0,0,0,0,0,0,0,0,0,0,0,0
1495,5,3.6,1995.0,0,0,0,0,0,0,0,0,1,0,0,0,0,0,0,0,0,0,0
1401,18,3.2222222222222223,1993.0,0,0,0,0,0,0,0,0,1,0,0,0,0,0,0,0,0,0,0
119,4,4.5,1994.0,0,0,0,0,0,0,0,1,0,0,0,0,0,0,0,0,0,0,0
1040,25,2.6,1996.0,0,0,0,0,0,1,0,0,0,0,0,0,0,0,1,0,0,0,0
1312,7,3.0,1996.0,0,0,0,0,0,1,0,0,1,0,0,0,0,0,0,0,0,0,0
537,30,3.6333333333333333,1991.0,0,0,0,0,0,0,0,0,1,0,0,0,0,0,0,0,0,0,0
992,4,3.0,1996.0,0,0,0,0,0,1,0,0,0,0,0,0,0,0,0,0,1,0,0
1384,3,1.6666666666666667,1996.0,0,0,0,0,0,0,0,0,1,0,0,0,0,0,0,0,0,0,0
1487,5,2.0,1993.0,0,0,0,0,0,1,0,0,0,0,0,0,0,0,1,0,0,0,0
1192,13,3.3846153846153846,1993.0,0,0,0,0,0,0,0,0,1,0,0,0,0,0,0,0,0,0,0
1136,29,3.4827586206896552,1996.0,0,0,0,0,0,0,0,0,1,0,0,0,0,0,0,0,0,0,0
1227,8,2.375,1995.0,0,0,0,0,0,0,0,0,1,0,0,0,0,0,0,0,0,0,0
865,21,3.4761904761904763,1997.0,0,0,0,0,0,0,0,0,1,0,0,0,0,0,0,0,0,0,0
1128,13,2.6923076923076925,1995.0,0,0,0,0,0,0,0,1,0,0,0,0,0,0,0,0,0,0,0
1371,2,1.5,1994.0,0,0,0,0,0,1,0,0,0,0,0,1,0,0,0,0,0,0,0
1032,16,2.875,1994.0,0,0,0,0,1,1,0,0,0,0,0,0,0,0,0,0,0,0,0
1071,16,2.875,1995.0,0,0,0,0,0,1,0,0,0,0,0,0,0,0,0,0,0,0,0
814,1,5.0,1994.0,0,0,0,0,0,0,0,1,0,0,0,0,0,0,0,0,0,0,0
503,39,3.641025641025641,1972.0,0,0,0,0,0,0,0,0,1,0,0,0,0,0,0,0,0,0,0
1253,7,2.4285714285714284,1995.0,0,0,0,0,0,0,0,0,0,0,0,0,0,0,0,0,1,0,0
1318,3,1.3333333333333333,1995.0,0,0,0,0,0,0,0,1,0,0,0,0,0,0,0,0,0,0,0
1378,5,2.2,1997.0,0,0,0,0,0,0,0,1,0,0,0,0,0,0,0,0,0,0,0
753,24,3.7083333333333335,1994.0,0,0,0,0,0,0,0,0,1,0,0,0,0,0,0,0,0,0,0
1124,12,3.8333333333333335,1932.0,0,0,0,0,0,0,0,0,0,0,0,0,0,0,1,0,0,1,0
1520,1,3.0,1995.0,0,0,0,0,0,0,0,0,0,0,0,1,0,0,0,0,0,0,0
1270,7,2.2857142857142856,1993.0,0,0,0,0,0,1,0,0,0,0,0,0,0,0,0,0,0,0,0
1089,38,2.1315789473684212,1997.0,0,1,0,0,0,0,0,0,0,0,0,0,0,0,1,0,1,0,0
1123,3,3.6666666666666665,1954.0,0,0,0,0,0,0,0,0,1,0,0,0,0,0,0,0,0,0,0
1190,11,3.3636363636363638,1997.0,0,0,0,0,0,1,0,0,0,0,0,0,0,0,1,0,0,0,0
1459,7,3.5714285714285716,1995.0,0,0,0,0,0,0,0,0,0,0,0,0,1,0,0,0,0,0,0
1202,8,3.5,1994.0,0,0,0,0,0,1,0,0,0,0,0,0,0,0,0,0,0,0,0
637,38,3.026315789473684,1981.0,0,0,0,0,0,1,0,0,0,0,0,1,0,0,0,0,0,0,0
390,10,3.2,1993.0,0,0,0,0,0,1,0,0,0,0,0,0,0,0,0,0,0,0,0
349,31,2.903225806451613,1998.0,0,1,0,0,0,0,0,0,0,0,0,0,0,0,0,0,1,0,0
538,66,3.4242424242424243,1997.0,0,0,0,1,1,0,0,0,0,0,0,0,1,0,0,0,0,0,0
601,20,4.0,1943.0,0,0,1,0,0,0,0,0,0,0,0,0,0,0,0,0,0,1,0
698,10,3.0,1994.0,0,0,0,0,0,0,0,0,1,0,0,0,0,0,0,0,0,0,0
1386,6,2.6666666666666665,1992.0,0,0,0,0,0,0,0,0,0,0,0,0,0,0,0,1,0,0,0
1168,22,3.3181818181818183,1993.0,0,0,0,0,0,0,0,0,1,0,0,0,0,0,0,0,0,0,0
1023,31,2.5806451612903225,1997.0,0,0,0,0,0,1,0,0,0,0,0,0,0,0,0,0,0,0,0
437,5,1.0,1992.0,0,0,0,0,0,0,0,0,0,0,0,1,0,0,0,0,0,0,0
1276,8,2.5,1996.0,0,0,0,0,0,0,0,0,1,0,0,0,0,0,0,0,0,0,0
933,21,2.4285714285714284,1996.0,0,0,0,0,0,0,0,0,1,0,0,0,0,0,0,0,0,0,0
1077,8,3.125,1994.0,0,0,0,0,0,0,0,0,0,0,0,0,0,0,0,0,1,0,0
968,18,3.7222222222222223,1949.0,0,0,0,0,0,0,0,0,0,0,0,0,1,0,0,0,0,0,0
1120,17,3.0,1996.0,0,0,0,0,0,1,0,0,0,0,0,0,0,0,0,0,0,0,0
1221,39,3.4871794871794872,1994.0,0,0,0,0,0,0,0,0,1,0,0,0,0,0,0,0,0,0,0
956,46,3.608695652173913,1994.0,0,0,0,0,0,0,0,0,1,0,0,0,0,0,0,0,0,0,0
353,14,2.4285714285714284,1998.0,0,1,0,0,0,0,0,0,0,0,0,1,0,0,0,1,0,0,0
1244,36,2.9166666666666665,1997.0,0,1,0,0,0,0,0,0,0,0,0,0,0,0,0,0,0,0,0
759,11,2.1818181818181817,1995.0,0,1,0,0,0,0,0,0,0,0,0,0,0,0,0,0,0,0,0
1024,15,3.6,1997.0,0,0,0,0,0,0,0,0,0,0,0,0,0,0,1,0,0,0,0
1425,10,2.6,1994.0,0,0,0,0,0,1,0,0,1,0,0,0,0,0,0,0,0,0,0
1259,4,2.0,1995.0,0,0,0,0,0,1,0,0,0,0,0,0,0,0,1,0,0,0,0
711,1,4.0,1996.0,0,0,0,0,0,0,0,0,1,0,0,0,0,0,0,0,0,0,0
1409,7,2.857142857142857,1994.0,0,0,0,1,1,0,0,0,0,0,0,0,0,0,0,0,0,0,0
1254,11,1.8181818181818181,1997.0,0,0,0,0,0,1,0,0,0,0,0,0,0,0,0,0,0,0,0
112,20,2.45,1996.0,0,0,1,0,1,0,0,0,0,0,0,0,0,0,0,0,0,0,0
1232,17,2.4705882352941178,1991.0,0,0,0,0,0,0,0,1,0,0,0,0,0,0,0,0,0,0,0
888,15,3.466666666666667,1997.0,0,0,0,0,0,0,0,0,1,0,0,0,0,0,0,0,0,0,0
1213,6,2.1666666666666665,1993.0,0,0,0,0,0,0,1,0,1,0,0,0,0,0,0,0,1,0,0
1258,23,2.5217391304347827,1997.0,0,0,0,0,0,1,0,0,0,0,0,0,0,0,1,0,0,0,0
854,16,3.375,1987.0,0,0,0,0,0,1,0,0,0,0,0,1,0,0,0,0,0,0,0
236,45,3.6222222222222222,1996.0,0,0,0,0,0,1,0,0,1,0,0,0,0,0,0,0,0,0,0
834,25,2.2,1995.0,0,0,0,0,0,0,0,0,0,0,0,1,0,0,0,0,1,0,0
1083,6,2.5,1996.0,0,0,0,0,0,0,1,0,0,0,0,0,0,0,0,0,1,0,0
1368,6,3.6666666666666665,1994.0,0,0,0,0,0,0,0,0,1,0,0,0,0,0,0,0,0,0,0
889,13,3.3846153846153846,1997.0,0,0,0,0,0,0,0,0,0,0,0,0,0,0,1,0,0,0,0
1466,6,4.0,1995.0,0,0,0,0,0,0,0,0,1,0,0,0,0,0,0,0,0,0,0
893,14,2.4285714285714284,1997.0,0,0,0,0,0,1,0,0,0,0,0,0,0,0,0,0,0,0,0
776,9,3.2222222222222223,1995.0,0,0,0,0,0,0,0,0,1,0,0,0,0,0,0,0,0,0,0
1390,2,2.0,1995.0,0,0,0,0,0,0,1,0,0,0,0,0,0,0,0,0,0,0,0
1282,9,3.2222222222222223,1995.0,0,0,0,0,0,0,0,0,1,0,0,0,0,0,0,0,0,0,0
952,45,3.1777777777777776,1995.0,0,0,0,0,0,1,0,0,0,0,0,0,0,0,0,0,0,0,0
1370,3,2.6666666666666665,1994.0,0,0,0,0,0,0,0,0,1,0,0,0,0,0,0,0,1,0,0
907,2,2.0,1998.0,0,0,0,0,0,1,0,0,0,0,0,0,0,0,0,0,0,0,0
861,3,2.3333333333333335,1986.0,0,0,0,0,0,0,0,0,0,0,0,1,0,0,0,0,0,0,0
1054,23,2.3043478260869565,1996.0,0,0,0,0,0,1,0,0,0,0,0,0,0,0,0,0,0,0,0
46,27,3.5555555555555554,1994.0,0,0,0,0,0,0,0,0,1,0,0,0,0,0,0,0,0,0,0
598,4,2.25,1996.0,0,0,0,0,0,1,0,0,1,0,0,0,0,0,0,0,0,0,0
1480,11,2.272727272727273,1974.0,0,0,1,0,1,1,0,0,0,0,0,0,0,0,0,0,0,0,0
1297,12,2.8333333333333335,1994.0,0,0,0,0,0,0,0,0,1,0,0,0,0,0,1,0,0,0,0
1167,11,3.5454545454545454,1994.0,0,0,0,0,0,1,0,0,0,0,0,0,0,0,0,0,0,0,0
1300,9,2.3333333333333335,1997.0,0,0,0,0,0,0,0,0,1,0,0,0,0,0,1,0,0,0,0
1446,15,3.1333333333333333,1995.0,0,0,0,0,0,1,0,0,0,0,0,0,0,0,0,0,0,0,0
784,2,1.0,1993.0,0,0,0,0,0,0,0,0,1,0,0,1,0,0,0,0,0,0,0
1143,15,4.0,1996.0,0,0,0,0,0,0,1,0,0,0,0,0,0,0,0,0,1,0,0
1294,7,3.142857142857143,1997.0,0,0,0,0,0,0,0,1,0,0,0,0,0,0,0,0,0,0,0
1373,1,1.0,1971.0,1,0,0,0,0,0,0,0,0,0,0,0,0,0,0,0,0,0,0
1489,5,2.2,1994.0,0,0,0,0,0,1,0,0,0,0,0,0,0,0,0,0,0,0,0
800,26,2.8846153846153846,1995.0,0,0,0,0,0,0,0,0,0,0,0,1,0,0,0,0,1,0,0
1088,13,2.230769230769231,1997.0,0,1,0,0,0,0,0,0,0,0,0,0,0,0,0,0,0,0,0
989,32,2.84375,1997.0,0,0,0,1,1,0,0,0,0,0,0,0,1,0,0,0,0,0,0
1085,11,3.0,1996.0,0,0,0,0,0,0,0,0,1,0,0,0,0,0,1,0,0,0,0
1473,9,3.5555555555555554,1939.0,0,0,0,0,1,0,0,0,1,0,0,0,0,0,0,0,0,0,0
1303,18,2.3333333333333335,1994.0,0,1,0,0,0,0,0,0,0,0,0,0,0,0,0,0,0,0,0
881,45,2.933333333333333,1997.0,0,1,0,0,0,1,0,0,0,0,0,0,0,0,0,0,0,0,0
1529,5,2.8,1995.0,0,0,0,0,0,0,0,0,0,0,0,0,0,0,0,0,0,1,0
1175,5,3.4,1997.0,0,0,0,0,0,0,0,0,0,0,0,0,0,0,1,0,0,0,0
594,5,2.4,1995.0,0,0,0,0,0,0,0,0,1,0,0,0,0,0,1,0,0,0,0
18,10,2.8,1995.0,0,0,0,0,0,0,0,0,1,0,0,0,0,0,0,0,0,0,0
1274,11,1.7272727272727273,1993.0,0,0,0,0,0,0,0,0,0,0,0,0,0,0,0,1,1,0,0
970,8,3.25,1991.0,0,0,0,0,0,1,0,0,0,0,0,0,0,0,0,0,0,0,0
1479,8,2.75,1995.0,0,0,0,0,0,1,0,0,0,0,0,0,0,0,0,0,0,0,0
541,49,2.877551020408163,1995.0,0,1,1,0,0,0,0,0,0,0,0,0,0,0,0,0,0,0,0
1403,4,2.75,1994.0,0,0,0,0,0,1,0,0,1,0,0,0,0,0,0,0,0,0,0
1367,5,4.2,1994.0,0,0,0,1,0,0,0,0,0,0,0,0,0,0,0,0,0,0,0
388,28,2.392857142857143,1994.0,0,1,0,0,0,1,0,0,0,0,0,0,0,0,0,0,0,0,0
837,25,3.92,1941.0,0,0,0,0,0,0,0,0,1,0,0,0,0,0,0,0,0,0,0
1309,1,1.0,1974.0,0,0,0,0,0,0,0,0,1,0,0,0,0,0,0,0,0,0,0
1296,20,3.25,1996.0,0,0,0,0,0,1,0,0,1,0,0,0,0,0,0,0,0,0,0
565,22,2.6818181818181817,1995.0,0,0,0,0,0,0,0,0,0,0,0,1,0,0,0,0,1,0,0
1045,25,3.24,1993.0,0,0,0,0,0,0,0,0,1,0,0,0,0,0,0,0,0,0,0
1166,12,3.1666666666666665,1993.0,0,0,0,0,0,1,0,0,0,0,0,0,0,0,0,0,0,0,0
1427,5,2.8,1995.0,0,0,0,0,0,0,0,0,1,0,0,0,0,0,0,0,0,0,0
1385,5,2.8,1997.0,0,0,0,0,0,1,0,0,0,0,0,0,0,0,1,0,0,0,0
857,1,3.0,1995.0,0,0,0,0,0,0,0,1,0,0,0,0,0,0,0,0,0,0,0
822,4,3.0,1968.0,0,0,0,0,0,0,0,0,1,0,0,0,0,0,0,0,0,0,0
862,18,2.111111111111111,1996.0,0,0,1,0,1,1,0,0,0,0,0,0,0,0,0,0,0,0,0
1158,4,4.0,1995.0,0,0,0,0,0,0,0,0,1,0,0,0,0,0,0,0,0,0,0
967,12,3.1666666666666665,1936.0,0,0,0,0,0,0,0,0,1,0,0,0,0,0,0,0,0,0,0
1087,10,1.7,1995.0,0,1,0,0,0,0,0,0,0,0,0,0,0,0,0,0,0,0,0
1449,8,4.625,1955.0,0,0,0,0,0,0,0,0,1,0,0,0,0,0,0,0,0,0,0
592,9,3.3333333333333335,1995.0,0,0,0,0,0,0,0,0,0,0,0,0,0,1,0,0,1,0,0
890,43,1.9534883720930232,1997.0,0,1,1,0,0,0,0,0,0,0,0,0,0,0,0,0,0,0,0
998,16,2.5625,1994.0,0,0,0,0,0,1,0,0,0,0,0,0,0,0,0,0,0,0,0
985,22,2.8636363636363638,1997.0,0,0,0,0,0,0,0,0,1,0,0,0,0,0,0,0,0,0,0
1231,22,2.5,1990.0,0,1,0,0,0,0,0,0,1,0,0,0,0,0,0,0,0,0,0
885,13,2.230769230769231,1998.0,0,0,0,0,0,0,0,0,0,0,0,1,0,0,0,0,0,0,0
669,13,1.6153846153846154,1991.0,0,0,0,0,0,0,0,0,0,0,0,1,0,0,0,0,0,0,0
1438,5,2.4,1995.0,0,0,0,0,0,0,0,0,1,0,0,0,0,0,0,0,0,0,0
1068,12,3.1666666666666665,1995.0,0,0,0,0,0,0,0,0,1,0,0,0,0,0,0,0,0,0,0
1219,20,2.9,1995.0,0,0,0,1,1,1,0,0,0,0,0,0,0,0,1,0,0,0,0
667,12,2.1666666666666665,1977.0,0,0,0,0,0,0,0,0,0,0,0,1,0,0,0,0,0,0,0
545,12,1.8333333333333333,1995.0,0,0,0,0,0,1,0,0,0,0,0,0,0,0,1,0,0,0,0
1140,17,2.2941176470588234,1994.0,0,0,0,0,0,1,0,0,0,0,0,0,0,0,0,0,0,0,0
726,14,2.4285714285714284,1995.0,0,0,0,0,1,0,0,0,1,0,0,0,0,0,0,0,0,0,0
1056,10,3.2,1992.0,0,0,0,0,0,0,0,0,0,0,0,1,0,0,0,0,0,0,0
1524,8,4.25,1993.0,0,0,0,0,0,0,0,0,1,0,0,0,0,0,0,0,0,0,0
247,5,1.8,1997.0,0,1,1,0,1,0,0,0,0,0,0,0,0,0,0,0,0,0,0
1430,3,2.3333333333333335,1997.0,0,0,0,0,0,0,0,0,1,0,0,0,0,0,0,0,0,0,0
1236,1,3.0,1997.0,0,0,0,0,0,0,0,0,1,0,0,0,0,0,0,0,0,0,0
1361,3,2.6666666666666665,1996.0,0,0,0,0,0,1,0,0,0,0,0,0,0,0,0,0,0,0,0
1285,15,3.1333333333333333,1994.0,0,0,0,0,0,0,0,0,1,0,0,0,0,0,0,0,0,0,0
1058,15,3.2666666666666666,1994.0,0,0,1,0,0,0,0,0,1,0,0,0,0,0,0,0,0,0,0
1247,6,1.8333333333333333,1994.0,0,0,0,0,0,0,0,0,0,0,0,0,0,0,0,0,0,0,1
35,11,2.1818181818181817,1995.0,0,0,1,0,1,0,0,0,1,0,0,0,0,0,0,0,0,0,0
1527,7,2.4285714285714284,1998.0,0,0,0,0,0,1,0,0,0,0,0,0,0,0,0,0,0,0,0
916,18,3.1666666666666665,1998.0,0,1,0,0,0,0,0,0,0,0,0,0,0,0,0,1,1,0,0
1301,5,3.8,1981.0,0,0,0,0,0,1,0,0,0,0,0,0,0,0,0,0,0,0,0
1374,2,1.0,1980.0,0,0,0,0,0,1,0,0,0,0,0,0,0,0,0,0,0,0,0
1148,9,3.3333333333333335,1994.0,0,0,0,0,0,0,0,0,1,0,0,0,0,0,0,0,0,0,0
1388,6,3.3333333333333335,1996.0,0,0,0,0,0,0,0,0,1,0,0,0,0,0,0,0,0,0,0
1353,5,2.6,1994.0,0,0,0,0,0,0,0,0,0,0,0,0,0,0,1,0,0,0,0
1125,4,4.25,1961.0,0,0,0,0,0,0,0,0,0,0,0,0,0,0,0,0,1,0,0
1485,4,3.5,1994.0,0,0,0,0,0,0,0,0,1,0,0,0,0,0,1,0,0,1,0
1530,5,2.0,1995.0,0,0,0,0,0,0,0,0,1,0,0,0,0,0,0,0,0,0,0
803,9,2.5555555555555554,1993.0,0,1,0,0,0,0,0,0,1,0,0,0,0,0,0,0,0,1,0
1310,1,3.0,1945.0,0,0,0,0,0,0,0,0,1,0,0,0,0,0,0,0,0,0,0
1313,14,3.142857142857143,1998.0,0,0,0,0,0,0,0,0,0,0,1,0,0,1,0,0,1,0,0
1405,6,3.3333333333333335,1997.0,0,0,0,0,0,0,0,0,1,0,0,0,0,0,0,0,0,0,0
459,24,3.75,1995.0,0,0,0,0,0,0,0,0,1,0,0,0,0,0,0,0,0,0,0
1469,12,3.1666666666666665,1995.0,0,0,1,0,1,0,0,0,0,0,0,0,0,0,0,0,0,0,0
1387,3,2.0,1997.0,0,0,0,0,0,0,0,0,0,0,0,0,0,0,1,0,0,0,0
1536,1,5.0,1994.0,0,0,0,0,0,0,0,0,1,0,0,0,0,0,0,0,0,0,0
1582,1,1.0,1947.0,0,0,0,0,0,0,0,0,0,0,1,0,0,0,0,0,0,0,0
1343,1,1.0,1995.0,0,0,0,0,0,0,0,0,1,0,0,0,0,0,0,0,0,0,0
1457,1,3.0,1996.0,0,0,0,0,0,1,0,0,1,0,0,0,0,0,0,0,0,0,0
1404,13,3.230769230769231,1987.0,0,0,0,0,0,1,0,0,0,0,0,0,0,0,0,0,0,0,0
994,7,2.2857142857142856,1997.0,0,0,0,0,0,0,0,0,1,0,0,0,0,0,0,0,0,0,0
1076,12,2.25,1994.0,0,1,1,1,1,0,0,0,0,1,0,0,0,0,0,0,0,0,0
1543,1,3.0,1996.0,0,0,0,0,0,0,0,0,1,0,0,0,0,0,0,0,0,0,0
1432,3,1.0,1998.0,0,0,0,0,0,0,0,0,1,0,0,0,0,0,0,0,0,0,0
1271,7,2.7142857142857144,1994.0,0,0,0,0,0,1,0,0,0,0,0,0,0,0,0,0,0,0,0
1177,7,1.8571428571428572,1996.0,0,0,0,0,0,1,0,0,0,0,0,0,0,0,0,0,0,0,0
1223,4,3.5,1993.0,0,0,0,0,0,0,0,0,1,0,0,0,0,0,0,0,0,0,0
1092,12,2.5,1996.0,0,0,0,0,0,1,0,0,0,0,0,0,0,0,0,0,0,0,0
1302,5,3.4,1996.0,0,0,0,0,0,1,0,0,0,0,0,0,0,0,0,0,0,0,0
599,1,1.0,1993.0,0,1,0,0,0,0,0,0,0,0,0,0,0,0,0,0,0,0,0
1443,4,3.75,1994.0,0,0,0,0,0,0,0,0,1,0,0,0,0,0,0,0,0,0,0
701,10,4.0,1993.0,0,0,0,0,0,0,0,1,0,0,0,0,0,0,0,0,0,0,0
706,6,2.6666666666666665,1996.0,0,0,0,0,0,0,0,0,0,0,0,1,0,0,0,0,0,0,0
914,11,2.727272727272727,1998.0,0,0,0,0,0,0,1,0,1,0,0,0,0,1,0,0,1,0,0
130,23,2.260869565217391,1996.0,0,0,0,0,0,0,1,0,0,0,0,0,0,0,0,0,0,0,0
1195,11,3.272727272727273,1993.0,0,0,0,0,0,0,0,0,1,0,0,0,0,0,0,0,0,0,0
1417,2,2.5,1992.0,0,0,0,0,0,0,0,0,1,0,0,0,0,0,0,0,0,0,0
1357,3,2.6666666666666665,1994.0,0,0,0,0,0,0,0,0,0,0,0,0,0,0,1,0,0,1,0
1273,15,2.7333333333333334,1994.0,0,0,0,0,0,0,0,0,1,0,0,0,0,0,0,0,1,0,0
1578,2,2.0,1967.0,0,0,0,0,0,0,0,0,1,0,0,0,0,0,0,0,0,0,0
1396,5,4.2,1995.0,0,0,0,0,0,0,0,0,1,0,0,0,0,0,0,0,0,0,0
1398,2,4.5,1996.0,0,0,0,0,0,0,0,0,1,0,0,0,0,0,0,0,0,0,0
75,5,3.0,1994.0,0,0,0,0,0,0,0,1,0,0,0,0,0,0,0,0,0,0,0
534,13,3.3076923076923075,1997.0,0,0,0,0,0,0,0,0,1,0,0,0,0,0,0,0,0,0,0
1458,1,4.0,1937.0,0,0,0,0,0,1,0,0,0,0,0,0,1,0,1,0,0,0,0
1379,7,2.857142857142857,1996.0,0,0,0,0,0,0,0,0,0,0,0,0,0,0,1,0,0,0,0
1279,9,2.888888888888889,1997.0,0,0,1,0,1,0,0,0,0,0,0,0,0,0,0,0,0,0,0
1330,4,2.5,1994.0,0,0,0,0,0,0,0,0,1,0,0,0,0,0,0,0,0,0,0
1439,8,3.0,1994.0,0,0,0,0,0,0,1,0,1,0,0,0,0,0,0,0,0,0,0
1338,4,2.25,1995.0,0,0,0,0,0,0,0,0,1,0,0,0,0,0,0,0,0,0,0
1354,2,1.0,1992.0,0,0,0,0,0,0,0,0,1,0,0,0,0,0,0,0,0,0,0
1554,2,3.0,1994.0,0,0,0,0,0,0,0,0,1,0,0,0,0,0,0,0,0,0,0
1193,10,3.8,1994.0,0,0,0,0,0,0,0,0,1,0,0,0,0,0,0,0,0,0,0
1561,1,1.0,1994.0,0,0,0,0,0,0,0,1,1,0,0,0,0,0,0,0,0,0,0
804,8,2.875,1994.0,0,0,0,0,0,1,0,0,0,0,0,0,0,0,0,0,0,0,0
668,6,2.1666666666666665,1981.0,0,1,0,0,0,0,0,0,0,0,0,1,0,0,0,0,0,0,0
1075,7,3.4285714285714284,1994.0,0,0,0,0,0,0,0,0,1,0,0,0,0,0,0,0,0,0,0
442,4,1.25,1990.0,0,0,0,0,0,0,0,0,0,0,0,1,0,0,0,0,0,0,0
1533,1,4.0,1993.0,0,0,0,0,0,0,0,0,1,0,0,0,0,0,0,0,0,0,0
1434,10,2.5,1997.0,0,0,0,0,0,0,0,0,0,0,0,0,0,0,1,0,0,0,0
1565,1,1.0,1992.0,0,0,0,0,0,0,0,0,1,0,0,0,0,0,0,0,0,0,0
1176,22,3.3636363636363638,1997.0,0,0,0,0,0,0,0,0,1,0,0,0,0,0,0,0,0,1,0
1456,7,3.7142857142857144,1954.0,0,0,0,0,0,1,0,0,1,0,0,0,0,0,0,0,0,0,0
1307,2,1.5,1994.0,0,0,0,0,0,0,0,1,0,0,0,0,0,0,0,0,0,0,0
1534,6,2.1666666666666665,1997.0,0,0,0,0,0,1,1,0,0,0,0,0,0,0,0,0,0,0,0
1531,7,3.2857142857142856,1995.0,0,0,1,0,1,0,0,0,0,0,0,0,0,0,0,0,0,0,0
400,18,2.7222222222222223,1994.0,0,0,0,0,1,1,0,0,0,0,0,0,0,0,0,0,0,0,0
1421,11,3.1818181818181817,1993.0,0,0,0,0,0,0,0,0,1,0,0,0,0,0,0,0,0,0,0
1369,4,2.75,1950.0,0,0,0,0,0,0,0,0,1,0,0,0,0,0,0,0,0,0,0
1455,2,2.5,1943.0,0,0,0,0,0,0,0,0,0,0,0,0,0,0,0,0,0,0,1
1257,4,1.75,1997.0,0,0,0,0,0,0,0,0,1,0,0,0,0,0,0,0,0,0,0
1555,5,2.6,1993.0,0,0,1,0,1,0,0,0,0,0,0,0,0,0,0,0,0,0,0
730,24,3.5,1994.0,0,0,0,0,0,0,0,0,1,0,0,0,0,0,1,0,0,0,0
1454,6,3.0,1947.0,0,0,0,0,0,0,0,0,0,0,0,0,0,0,0,0,0,0,1
1441,7,2.5714285714285716,1995.0,0,0,0,0,0,0,0,0,1,0,0,0,0,0,1,0,0,0,0
1103,19,3.789473684210526,1990.0,0,0,0,0,0,1,0,0,1,0,0,0,0,0,0,0,0,0,0
1477,2,2.5,1997.0,0,0,0,0,0,0,0,0,0,0,0,1,0,0,0,0,1,0,0
1521,4,3.0,1993.0,0,0,0,0,0,1,0,0,0,0,0,0,0,0,1,0,0,0,0
1174,8,3.25,1996.0,0,0,0,0,0,0,0,0,1,0,0,0,0,0,0,0,1,0,0
1538,3,3.0,1997.0,0,0,0,0,0,0,0,0,1,0,0,0,0,0,0,0,0,0,0
1344,5,3.2,1993.0,0,0,0,0,0,0,0,0,1,0,0,0,0,0,0,0,0,0,0
798,9,2.2222222222222223,1995.0,0,1,0,0,0,0,0,0,0,0,0,0,0,0,0,0,0,0,0
1392,5,2.0,1997.0,0,0,0,0,0,0,0,0,1,0,0,0,0,0,0,0,0,0,0
1517,5,2.8,1996.0,0,0,0,0,0,0,0,0,1,0,0,0,0,0,0,0,0,0,0
1377,4,3.25,1996.0,0,0,0,0,0,1,0,0,0,0,0,0,0,0,1,0,0,0,0
817,3,2.6666666666666665,1995.0,0,0,0,0,0,0,0,0,1,0,0,0,0,0,0,0,0,0,0
1563,1,1.0,1994.0,0,0,0,0,0,0,0,0,0,0,0,0,0,0,1,0,0,0,0
1264,7,3.2857142857142856,1994.0,0,0,0,0,0,0,0,0,1,0,0,0,0,0,0,0,0,0,0
1470,5,2.6,1995.0,0,0,0,1,1,0,0,0,0,0,0,0,0,0,0,0,0,0,0
1418,3,3.6666666666666665,1993.0,0,0,0,0,0,0,0,0,1,0,0,0,0,0,0,0,0,0,0
1156,1,3.0,1995.0,0,0,0,0,0,0,1,0,1,0,0,0,0,0,0,0,0,0,0
1406,5,3.4,1995.0,0,0,0,0,0,0,0,0,1,0,0,0,0,0,1,0,0,0,0
1360,2,1.5,1994.0,0,0,0,0,0,1,0,0,0,0,0,0,0,0,0,0,0,0,0
935,7,3.2857142857142856,1997.0,0,0,0,0,0,0,0,0,1,0,0,0,0,0,0,0,0,1,0
1275,4,2.5,1994.0,0,0,0,0,0,0,0,0,0,0,0,0,0,0,0,0,1,0,0
891,6,2.6666666666666665,1997.0,0,0,0,0,0,0,0,0,1,0,0,0,0,0,0,0,0,1,0
1121,21,3.761904761904762,1964.0,0,0,0,0,0,0,0,0,1,0,0,0,1,0,0,0,0,0,0
1252,9,3.0,1963.0,0,0,0,0,0,0,0,0,1,0,0,0,0,0,0,0,0,0,0
1505,1,4.0,1995.0,0,0,0,0,0,0,1,0,1,0,0,0,0,0,0,0,0,0,0
1317,4,2.0,1995.0,0,0,0,0,0,0,0,0,1,0,0,0,0,0,0,0,0,0,0
1519,2,3.0,1995.0,0,0,0,0,0,0,1,0,1,0,0,0,0,0,0,0,0,0,0
1029,14,2.0,1995.0,0,0,0,0,0,1,0,0,0,0,0,0,0,0,0,0,0,0,0
912,9,3.0,1998.0,0,1,0,0,0,0,0,0,0,0,0,0,0,0,0,0,1,0,0
1200,7,3.2857142857142856,1950.0,0,0,0,0,1,0,0,0,1,0,0,0,0,0,0,0,0,0,0
1305,7,2.4285714285714284,1995.0,0,0,0,0,0,1,0,0,0,0,0,0,0,0,0,0,0,0,0
1400,10,3.1,1995.0,0,0,0,0,0,0,0,0,1,0,0,0,0,0,1,0,0,0,0
852,1,1.0,1996.0,0,0,0,0,0,0,0,0,1,0,0,0,0,0,0,0,1,0,0
1375,10,3.6,1993.0,0,0,0,0,0,0,0,0,1,0,0,0,0,0,0,0,0,0,0
1501,5,3.0,1996.0,0,0,0,0,0,0,0,0,0,0,0,0,0,0,0,0,0,1,0
1435,7,2.5714285714285716,1995.0,0,0,0,0,0,1,0,0,0,0,0,0,0,0,0,0,0,0,0
1395,6,2.3333333333333335,1998.0,0,0,0,0,0,0,0,0,1,0,0,0,0,0,0,0,0,0,0
1557,1,1.0,1994.0,0,0,0,0,0,1,0,0,1,0,0,0,0,0,0,0,0,0,0
1333,5,2.8,1994.0,0,0,0,0,0,1,0,0,1,0,0,0,0,0,0,0,0,0,0
1591,6,3.1666666666666665,1995.0,0,0,0,0,0,0,0,0,1,0,0,0,0,0,0,0,0,0,0
1562,1,1.0,1993.0,0,0,0,0,0,0,0,1,0,0,0,0,0,0,0,0,0,0,0
1269,10,3.9,1957.0,0,0,0,0,0,1,0,0,0,0,0,0,0,0,1,0,0,0,0
909,13,3.769230769230769,1998.0,0,0,0,0,0,0,0,0,1,0,0,0,0,0,0,0,0,0,0
1450,2,4.0,1947.0,0,0,1,0,0,0,0,0,0,0,0,0,0,0,1,0,0,0,0
1550,2,3.0,1995.0,0,0,0,0,0,1,0,0,0,0,0,0,0,0,0,0,0,0,0
1154,12,3.3333333333333335,1965.0,0,0,0,0,0,0,0,0,0,0,0,0,0,0,0,1,0,0,0
1237,6,3.5,1996.0,0,0,0,0,0,1,0,0,1,0,0,0,0,0,0,0,0,0,0
1261,4,3.25,1995.0,0,0,0,0,0,0,0,0,1,0,0,0,0,0,0,0,0,0,0
1586,1,1.0,1992.0,0,1,0,0,0,0,1,0,1,0,0,0,0,0,0,0,0,0,0
1038,17,2.823529411764706,1997.0,0,0,0,0,0,0,0,0,0,0,0,0,0,0,0,0,1,0,0
1504,3,3.6666666666666665,1994.0,0,0,0,0,0,1,0,0,0,0,0,0,0,0,0,0,0,0,0
1214,9,2.0,1976.0,0,0,0,0,0,0,0,0,1,0,0,0,0,0,0,0,0,0,0
1522,7,2.4285714285714284,1994.0,0,0,0,0,0,0,0,0,0,0,0,0,0,0,0,0,1,0,0
1238,8,3.125,1996.0,0,0,0,0,0,0,0,0,1,0,0,0,0,0,0,0,0,0,0
1064,4,4.25,1947.0,0,0,0,0,0,0,1,0,0,0,1,0,0,0,0,0,0,0,0
757,4,2.75,1995.0,0,0,0,0,0,0,0,1,0,0,0,0,0,0,0,0,0,0,0
1476,1,2.0,1948.0,0,0,0,0,0,0,0,0,0,0,1,0,0,0,0,0,0,0,0
1545,4,2.5,1995.0,0,0,0,0,0,0,0,0,1,0,0,0,0,0,1,0,0,0,0
1537,4,4.0,1996.0,0,0,0,0,0,1,0,0,0,0,0,0,0,0,0,0,0,0,0
1391,3,2.0,1996.0,0,0,0,0,0,0,0,0,1,0,0,0,0,0,0,0,0,0,0
296,6,3.3333333333333335,1996.0,0,0,0,0,0,0,0,0,1,0,0,0,0,0,0,0,0,0,0
1472,2,3.5,1993.0,0,0,0,0,0,1,0,0,0,0,0,0,0,0,0,1,0,0,0
1580,1,1.0,1933.0,0,0,0,0,0,0,0,0,0,0,0,0,0,0,1,0,0,0,0
1331,4,3.0,1995.0,0,0,0,0,0,0,0,1,0,0,0,0,0,0,0,0,0,0,0
1363,1,1.0,1996.0,0,0,0,0,0,0,0,1,0,0,0,0,0,0,0,0,0,0,0
1280,16,2.6875,1997.0,0,0,0,0,0,0,1,0,0,0,0,0,0,0,0,0,0,0,0
1138,5,3.4,1997.0,0,1,0,0,0,1,1,0,1,0,0,0,0,0,0,0,0,0,0
1308,2,1.0,1994.0,0,0,0,0,0,1,0,0,1,0,0,0,0,0,0,0,0,0,0
1339,1,1.0,1993.0,0,0,0,0,0,1,0,0,1,0,0,0,0,0,0,0,0,0,0
1523,2,3.0,1994.0,0,1,1,0,0,0,0,0,0,0,0,0,0,0,0,0,0,0,0
1080,2,4.0,1994.0,0,0,0,0,0,1,0,0,0,0,0,0,0,0,0,0,0,0,0
1096,3,2.6666666666666665,1997.0,0,0,0,0,0,0,0,0,0,0,0,0,0,0,1,0,0,0,0
1512,6,4.0,1959.0,0,0,0,0,0,0,0,0,1,0,0,0,0,0,0,0,0,0,0
1287,6,1.3333333333333333,1996.0,0,0,0,0,0,1,0,0,0,0,0,0,0,0,0,0,0,0,0
1483,12,3.4166666666666665,1998.0,0,1,0,0,0,0,0,0,1,0,0,0,0,0,1,0,0,0,0
1566,1,1.0,1943.0,0,0,0,0,0,0,0,0,1,0,0,0,0,0,0,0,0,0,0
1031,7,2.2857142857142856,1994.0,0,0,1,0,1,0,0,0,0,0,0,0,0,0,0,0,0,0,0
917,7,3.4285714285714284,1998.0,0,1,0,0,0,0,0,0,1,0,0,0,0,0,0,0,1,0,0
920,5,2.2,1995.0,0,0,0,0,0,0,0,0,1,0,0,0,0,0,0,0,0,0,0
1589,4,3.0,1996.0,0,0,0,0,0,1,0,0,0,0,0,0,0,0,0,0,0,0,0
1293,3,5.0,1997.0,0,0,1,0,1,0,0,0,0,1,0,0,0,0,0,1,0,0,0
1349,1,1.0,1993.0,0,0,0,0,0,1,0,0,0,0,0,0,0,0,0,0,0,0,0
1422,4,2.25,1993.0,0,0,0,0,0,0,0,0,0,0,1,0,0,0,0,0,1,0,0
1389,3,3.0,1996.0,0,0,0,0,0,0,0,0,1,0,0,0,0,0,0,0,0,0,0
1290,2,1.5,1994.0,0,0,0,0,0,0,0,0,1,0,0,0,0,0,1,0,0,0,0
1447,1,3.0,1993.0,0,0,0,0,0,0,0,0,1,0,0,0,0,0,0,0,0,0,0
1111,7,3.4285714285714284,1994.0,0,0,0,0,0,0,0,0,1,0,0,0,0,0,0,0,0,0,0
1513,3,2.0,1997.0,0,0,0,0,0,1,0,0,0,0,0,0,0,0,0,0,0,0,0
1235,1,4.0,1994.0,0,0,0,0,0,0,1,0,0,0,0,0,0,0,0,0,0,0,0
1412,6,1.6666666666666667,1995.0,0,0,0,1,1,0,0,0,0,0,0,0,0,0,0,0,0,0,0
1185,18,2.2777777777777777,1994.0,0,0,0,0,0,1,0,0,0,0,0,0,0,0,0,0,0,1,0
1337,9,2.3333333333333335,1996.0,0,0,0,0,0,1,0,0,0,0,0,0,0,0,0,0,0,0,0
1592,5,3.6,1998.0,0,0,0,0,0,0,0,0,1,0,0,0,0,0,0,0,0,0,0
1399,7,2.4285714285714284,1997.0,0,0,0,0,0,0,0,0,0,0,0,0,0,0,0,0,1,0,0
1547,2,3.0,1995.0,0,0,0,0,0,0,0,1,0,0,0,0,0,0,0,0,0,0,0
1420,3,1.3333333333333333,1998.0,0,0,0,0,0,1,0,0,0,0,0,0,0,0,0,0,0,0,0
1173,7,2.5714285714285716,1997.0,0,0,0,0,0,0,0,0,1,0,0,0,0,0,1,0,0,0,0
1159,11,3.5454545454545454,1979.0,0,0,0,0,0,0,0,0,0,0,0,0,0,1,0,1,0,0,0
1506,3,3.6666666666666665,1995.0,0,0,0,0,0,0,0,0,1,0,0,0,0,0,0,0,0,0,0
1468,6,3.3333333333333335,1995.0,0,0,0,0,0,0,0,0,1,0,0,0,0,0,0,0,0,0,0
1355,6,2.6666666666666665,1996.0,0,0,0,0,0,0,0,0,1,0,0,0,0,0,0,0,0,0,0
1437,9,2.0,1994.0,0,0,0,0,0,1,0,0,0,0,0,0,0,0,0,0,0,0,0
1304,2,2.5,1996.0,0,1,0,0,0,0,1,0,0,0,0,0,0,0,0,0,0,0,0
1359,2,1.0,1996.0,0,0,0,0,0,0,0,0,1,0,0,0,0,0,0,0,0,0,0
1204,18,3.611111111111111,1942.0,0,0,0,0,0,1,0,0,1,0,0,0,0,0,0,0,0,1,0
1426,8,3.25,1996.0,0,0,0,0,0,1,0,0,1,0,0,0,0,0,0,0,0,0,0
1588,2,2.0,1996.0,0,0,0,0,0,1,0,0,1,0,0,0,0,0,0,0,0,0,0
1590,2,2.0,1995.0,0,0,0,0,0,0,0,0,1,0,0,0,0,0,0,0,0,0,0
1608,4,2.25,1997.0,0,0,1,0,1,0,0,0,1,0,0,0,0,0,0,0,0,0,0
1617,2,3.0,1997.0,0,0,0,0,0,0,0,0,0,0,0,0,0,0,1,0,0,0,0
1026,4,2.5,1997.0,0,0,0,0,0,1,0,0,1,0,0,0,0,0,0,0,0,0,0
1311,16,2.5,1995.0,0,0,0,0,0,1,0,0,1,0,0,0,0,0,0,0,0,0,0
957,2,2.0,1992.0,0,0,0,0,0,1,0,0,0,0,0,0,0,0,0,0,0,0,0
1326,6,3.3333333333333335,1996.0,0,0,0,0,0,0,0,0,1,0,0,0,0,0,0,0,0,0,0
1587,1,1.0,1958.0,0,0,0,0,0,0,0,0,0,0,0,0,0,0,0,0,0,0,1
1496,5,2.8,1996.0,0,0,0,0,0,1,1,0,0,0,0,0,0,0,0,0,0,0,0
981,8,1.75,1997.0,0,0,0,0,0,0,0,0,1,0,0,0,0,0,0,0,0,0,0
899,9,3.4444444444444446,1997.0,0,0,0,0,0,0,0,0,1,0,0,0,0,0,0,0,0,0,0
1560,4,2.75,1981.0,0,0,0,0,0,0,1,0,0,0,0,0,0,0,0,0,0,0,0
677,1,3.0,1996.0,0,0,0,0,0,0,0,1,0,0,0,0,0,0,0,0,0,0,0
1571,1,1.0,1973.0,0,0,0,0,0,0,0,0,1,0,0,0,0,0,0,0,0,0,0
1549,2,1.5,1995.0,0,0,0,0,0,0,0,0,0,0,0,0,0,0,0,0,1,0,0
1402,4,2.75,1993.0,0,0,0,0,0,0,0,0,1,0,0,0,0,0,0,0,0,0,0
1598,6,2.5,1997.0,0,0,0,0,0,0,1,0,0,0,0,0,0,0,0,0,1,0,0
1514,7,3.142857142857143,1997.0,0,0,0,0,0,0,0,0,1,0,0,0,0,0,0,0,0,0,0
1558,7,3.5714285714285716,1956.0,0,0,0,0,0,0,0,0,1,0,0,0,0,0,0,0,0,0,0
1415,9,2.4444444444444446,1994.0,0,1,0,0,1,0,0,0,0,0,0,0,0,0,0,0,0,0,0
1528,3,2.3333333333333335,1997.0,0,0,0,0,0,0,0,0,1,0,0,0,0,0,0,0,0,0,0
1575,1,1.0,1990.0,0,0,0,0,0,0,0,0,1,0,0,0,0,0,0,0,0,0,0
1510,1,3.0,1996.0,0,0,0,0,0,0,1,0,0,0,0,0,0,0,0,0,0,0,0
438,6,1.1666666666666667,1983.0,0,0,0,0,0,0,0,0,0,0,0,1,0,0,0,0,0,0,0
1597,5,3.0,1992.0,0,1,0,0,0,0,0,0,1,0,0,0,0,0,0,0,0,0,0
1579,1,1.0,1988.0,0,0,0,0,0,0,0,0,0,0,0,0,0,0,0,0,1,0,0
600,2,3.0,1996.0,0,0,0,0,1,0,0,0,0,0,0,0,0,0,0,0,0,0,0
1499,4,3.25,1994.0,0,0,0,0,0,1,0,0,0,0,0,0,0,0,0,0,0,0,0
446,9,2.4444444444444446,1976.0,0,0,0,0,0,0,0,0,0,0,0,1,0,0,0,0,0,0,0
1205,6,3.0,1996.0,0,0,0,0,0,0,0,0,1,0,0,0,0,0,0,0,0,0,0
1191,3,4.333333333333333,1998.0,0,0,0,0,0,0,1,0,1,0,0,0,0,0,0,0,0,0,0
1445,4,2.75,1994.0,0,0,0,0,0,0,0,0,1,0,0,0,0,0,0,0,0,0,0
1603,1,3.0,1995.0,0,0,0,0,0,0,0,0,1,0,0,0,0,0,0,0,0,0,0
1616,1,4.0,1995.0,0,0,0,0,0,0,0,0,1,0,0,0,0,0,0,0,0,0,0
1465,3,2.3333333333333335,1995.0,0,0,0,0,0,1,0,0,1,0,0,0,0,0,0,0,0,0,0
1146,3,2.0,1993.0,0,0,0,0,0,0,0,0,1,0,0,0,0,0,0,0,0,0,0
1539,4,1.75,1993.0,0,0,0,0,0,0,0,0,1,0,0,0,0,0,0,0,0,0,0
1255,8,2.25,1996.0,0,0,0,0,0,0,0,0,1,0,0,0,0,0,0,0,0,0,0
1526,1,4.0,1985.0,0,0,0,0,0,0,0,0,1,0,0,0,0,0,1,0,1,0,0
1585,2,2.5,1990.0,0,0,0,0,0,0,0,1,0,0,0,0,0,0,0,0,0,0,0
1596,1,2.0,1995.0,0,1,0,0,0,0,0,0,0,0,0,0,0,0,0,1,1,0,0
1605,4,3.0,1996.0,0,0,0,0,0,1,0,0,0,0,0,0,0,0,0,0,0,0,0
1453,1,2.0,1946.0,0,0,0,0,0,0,1,0,1,0,0,0,0,0,0,0,0,0,0
1488,4,3.0,1993.0,0,0,0,0,0,0,0,0,1,0,0,0,0,0,0,0,0,0,0
1516,3,4.0,1994.0,0,0,0,0,0,0,0,0,1,0,0,0,0,0,0,0,0,0,0
1461,1,2.0,1935.0,0,0,0,0,0,1,0,0,0,0,0,0,0,0,0,0,0,0,0
973,4,3.5,1995.0,0,0,0,0,0,0,0,1,0,0,0,0,0,0,0,0,0,0,0
1553,4,2.75,1995.0,0,0,0,0,0,0,0,0,0,0,0,0,0,1,0,0,1,0,0
1559,1,1.0,1994.0,0,1,0,0,0,0,0,0,1,0,0,0,0,0,0,0,1,0,0
1431,5,3.4,1997.0,0,0,0,0,0,0,0,0,0,0,0,0,0,0,0,0,1,0,0
851,4,3.75,1966.0,0,0,0,0,0,0,0,0,1,0,0,0,0,0,0,0,0,0,0
666,5,2.4,1974.0,0,0,0,0,0,0,0,0,0,0,0,1,0,0,0,0,0,0,0
1532,2,2.0,1994.0,0,0,0,0,0,0,0,0,1,0,0,0,0,0,0,0,0,0,0
1507,1,3.0,1996.0,0,0,0,0,0,1,0,0,0,0,0,0,0,0,0,0,0,0,0
1540,10,2.8,1995.0,0,0,1,0,1,0,0,0,0,0,0,0,0,0,0,0,0,0,0
1593,1,4.0,1991.0,0,0,0,0,0,1,0,0,0,0,0,0,0,0,0,0,0,0,0
1243,7,3.7142857142857144,1997.0,0,0,0,0,0,0,0,0,0,0,0,1,0,0,0,0,0,0,0
1623,3,4.0,1995.0,0,0,0,0,0,0,0,0,1,0,0,0,0,0,0,0,0,0,0
1576,1,1.0,1987.0,0,0,0,0,0,0,0,0,0,1,0,0,0,0,0,0,0,0,0
1511,5,3.2,1996.0,0,0,0,0,0,1,0,0,0,0,0,0,0,0,0,0,0,0,0
1525,1,4.0,1998.0,0,0,0,0,0,1,0,0,0,0,0,0,0,0,1,0,0,0,0
1569,1,1.0,1987.0,0,0,0,0,0,1,0,0,1,0,0,0,0,0,0,0,0,0,0
1568,1,1.0,1992.0,0,0,0,0,0,1,0,0,0,0,0,0,0,0,1,0,0,0,0
1408,3,1.0,1995.0,0,0,0,0,0,1,0,0,0,0,0,0,0,0,0,0,0,0,0
1602,3,3.3333333333333335,1998.0,0,0,0,0,0,0,0,0,1,0,0,0,0,0,0,0,0,0,0
1381,8,3.25,1996.0,0,0,0,0,0,0,0,0,1,0,0,0,0,0,0,0,0,0,0
1340,1,1.0,1995.0,0,0,0,0,0,0,0,0,0,0,0,0,0,0,1,0,0,0,0
1055,10,3.2,1994.0,0,0,0,0,0,0,0,0,1,0,0,0,0,0,0,0,0,0,0
1440,5,3.0,1994.0,0,0,0,0,0,0,0,0,1,0,0,0,0,0,0,0,0,0,0
1358,2,3.0,1996.0,0,1,0,0,0,0,0,0,0,0,0,0,0,0,0,0,0,0,0
1502,2,1.5,1994.0,0,0,0,0,0,1,0,0,0,0,0,0,0,0,1,0,0,0,0
1171,14,3.142857142857143,1994.0,0,0,0,0,0,0,0,0,1,0,0,0,0,0,0,0,0,0,0
1619,1,3.0,1996.0,0,0,0,0,0,0,0,0,1,0,0,0,0,0,0,0,0,0,0
1319,4,1.75,1995.0,0,0,0,0,0,0,0,0,1,0,0,0,0,0,0,0,0,0,0
1601,1,1.0,1997.0,0,0,0,0,0,0,0,0,0,0,0,0,0,0,0,0,1,0,0
1620,9,3.2222222222222223,1997.0,0,0,0,0,0,1,0,0,0,0,0,0,0,0,0,0,0,0,0
1474,6,2.8333333333333335,1994.0,0,0,0,0,0,1,0,0,0,0,0,0,0,0,1,0,0,0,0
1145,9,2.6666666666666665,1994.0,0,0,0,0,0,0,0,0,1,0,0,0,0,0,0,0,0,0,0
1155,3,3.3333333333333335,1995.0,0,0,0,0,0,1,0,0,0,0,0,0,0,0,1,0,0,0,0
799,5,3.2,1995.0,0,0,0,0,0,0,0,0,1,0,0,0,0,0,0,0,0,0,0
1535,4,3.0,1994.0,0,0,0,0,0,0,0,0,1,0,0,0,0,0,0,0,0,0,0
1615,10,3.0,1997.0,0,1,1,0,1,0,0,0,0,1,0,0,0,0,0,0,0,0,0
1583,1,1.0,1986.0,0,0,0,0,0,0,0,0,1,0,0,0,0,0,0,0,0,0,0
1475,8,2.875,1993.0,0,0,0,0,0,1,0,0,1,0,0,0,0,0,0,0,0,0,0
1624,1,2.0,1998.0,0,0,0,0,0,0,0,0,0,0,0,0,0,0,0,0,1,0,0
1234,8,2.375,1998.0,0,0,0,0,0,1,0,0,0,0,0,0,0,0,0,0,0,0,0
1323,3,2.6666666666666665,1994.0,0,0,0,0,0,0,0,0,1,0,0,0,0,0,0,0,0,0,0
1541,2,3.5,1994.0,0,0,0,0,0,0,0,0,1,0,0,0,0,0,0,0,0,0,0
1609,3,1.6666666666666667,1997.0,0,0,0,0,0,1,0,0,0,0,0,0,0,0,0,0,0,0,0
1651,1,4.0,1997.0,0,0,0,0,0,0,0,0,1,0,0,0,0,0,0,0,1,0,0
1414,1,2.0,1995.0,0,1,0,0,0,0,0,0,0,0,0,0,0,0,0,0,0,0,0
1486,1,1.0,1995.0,0,0,0,0,0,0,0,0,1,0,0,0,0,0,0,0,0,0,0
1552,3,2.0,1995.0,0,1,0,0,0,0,0,0,0,0,0,0,0,0,0,0,0,0,0
1614,1,3.0,1958.0,0,0,0,0,0,1,0,0,1,0,0,0,0,0,0,0,0,0,0
1570,1,1.0,1992.0,0,0,0,0,0,1,0,0,0,0,0,0,0,0,0,0,0,0,0
1335,11,2.6363636363636362,1996.0,0,0,0,0,0,0,0,0,1,0,0,0,0,0,0,0,0,0,0
1251,8,4.125,1996.0,0,0,0,0,0,1,0,0,0,0,0,0,0,0,0,0,0,0,0
1233,6,3.5,1996.0,0,0,0,0,0,0,0,0,1,0,0,0,0,0,0,0,0,0,0
1612,4,3.75,1996.0,0,0,0,0,0,0,0,0,0,0,0,0,0,0,1,0,0,0,0
1599,1,5.0,1995.0,0,0,0,0,0,0,0,0,1,0,0,0,0,0,0,0,0,0,0
1607,3,3.3333333333333335,1998.0,0,0,0,0,0,0,0,0,1,0,0,0,0,0,0,0,0,0,0
1345,2,2.0,1994.0,0,0,0,0,0,0,0,0,1,0,0,0,0,0,0,0,0,0,0
1649,1,3.0,1997.0,0,0,0,0,0,1,0,1,0,0,0,0,0,0,0,0,0,0,0
1656,2,3.5,1998.0,0,0,0,0,0,1,0,0,0,0,0,0,0,0,1,0,0,0,0
1321,2,2.5,1996.0,0,0,0,0,0,1,0,0,0,0,0,0,0,0,0,0,0,0,0
1380,6,2.3333333333333335,1996.0,0,0,0,0,0,0,0,0,1,0,0,0,0,0,0,0,0,0,0
1491,2,3.0,1995.0,0,1,0,0,0,0,0,0,1,0,0,0,0,0,0,0,1,0,0
1610,3,2.0,1997.0,0,1,0,0,0,0,1,0,0,0,0,0,0,0,1,0,0,0,0
1642,2,4.5,1996.0,0,0,0,0,0,0,0,0,1,0,0,0,0,0,0,0,0,0,0
1572,1,1.0,1982.0,0,0,0,0,0,0,0,0,1,0,0,0,0,0,0,0,0,0,0
1629,2,4.0,1995.0,0,0,0,0,0,0,0,1,0,0,0,0,0,0,0,0,0,0,0
1481,2,3.0,1994.0,0,0,0,0,0,0,0,0,1,0,0,0,0,0,0,0,0,0,0
1628,4,3.75,1994.0,0,0,0,0,0,0,0,0,1,0,0,0,0,0,0,0,0,0,0
1144,3,3.6666666666666665,1996.0,0,0,0,0,0,0,0,0,1,0,0,0,0,0,0,0,0,0,0
1490,3,3.0,1993.0,0,0,0,0,0,1,0,0,0,0,0,0,0,0,0,0,0,0,0
1600,4,3.75,1994.0,0,0,0,0,0,1,0,0,0,0,0,0,0,0,0,0,0,0,0
1653,1,5.0,1996.0,0,0,0,0,0,0,0,0,1,0,0,0,0,0,0,0,0,0,0
1452,1,4.0,1943.0,0,0,0,0,0,1,0,0,0,0,0,0,0,1,0,0,0,0,0
1644,2,1.5,1996.0,0,0,0,0,0,1,0,0,0,0,0,0,0,0,0,0,0,0,0
1595,1,2.0,1994.0,0,1,0,0,0,0,0,0,0,0,0,0,0,0,0,0,1,0,0
1410,4,2.75,1993.0,0,0,0,0,0,0,0,0,1,0,0,0,0,0,0,0,0,0,0
1548,1,1.0,1995.0,0,1,0,0,0,0,0,0,0,0,0,0,0,0,0,0,1,0,0
1655,1,2.0,1994.0,0,0,0,0,0,1,0,0,0,0,0,0,0,0,1,0,0,0,0
1654,1,1.0,1998.0,0,0,0,0,0,1,0,0,0,0,0,0,0,0,0,0,0,0,0
1027,3,2.6666666666666665,1995.0,0,1,0,0,0,0,0,0,0,0,0,0,0,0,0,0,0,0,0
1482,1,4.0,1995.0,0,0,0,0,0,0,0,1,0,0,0,0,0,0,0,0,0,0,0
1657,1,3.0,1995.0,0,1,0,0,0,0,0,0,1,0,0,0,0,0,0,0,0,0,0
1639,3,4.333333333333333,1996.0,0,0,0,0,0,0,0,0,1,0,0,0,0,0,0,0,0,0,0
1650,1,4.0,1998.0,0,0,0,0,0,0,0,0,1,0,0,0,0,0,0,0,0,0,0
1196,3,3.0,1992.0,0,0,0,0,0,0,0,0,1,0,0,0,0,0,0,0,0,0,0
1660,1,2.0,1995.0,0,0,0,0,0,0,0,0,1,0,0,0,0,0,0,0,0,0,0
1509,5,1.6,1994.0,0,0,0,0,0,1,0,0,0,0,0,0,0,0,0,0,0,0,0
897,2,1.5,1995.0,0,1,1,0,0,0,0,0,0,0,0,0,0,0,0,1,0,0,0
1365,2,1.5,1993.0,0,1,0,0,0,0,0,0,1,0,0,0,0,0,0,0,0,0,0
1661,1,1.0,1994.0,0,0,0,0,0,0,0,0,1,0,0,0,0,0,0,0,0,0,0
1423,4,2.25,1995.0,0,0,0,0,0,0,0,0,1,0,0,0,0,0,0,0,0,1,0
1515,1,4.0,1995.0,0,0,1,0,0,0,0,0,0,0,0,0,0,0,1,0,0,0,0
1658,3,3.0,1996.0,0,0,0,0,0,0,0,0,1,0,0,0,0,0,0,0,0,0,0
1621,1,1.0,1995.0,0,0,0,0,0,0,0,0,0,0,0,0,0,0,0,0,1,0,0
1662,2,2.5,1995.0,0,0,0,0,0,0,0,0,1,0,0,0,0,0,1,0,0,0,0
1646,2,3.5,1997.0,0,1,0,0,0,0,0,0,1,0,0,0,0,0,0,0,0,0,0
1632,1,3.0,1995.0,0,0,0,0,0,0,0,0,0,0,0,0,0,0,0,0,0,1,0
1618,1,1.0,1990.0,0,1,0,0,0,0,1,0,0,0,0,0,0,0,0,0,0,0,0
1647,1,3.0,1997.0,0,0,0,0,0,1,1,0,1,0,0,0,0,0,0,0,0,0,0
1429,4,2.75,1998.0,0,0,0,0,0,0,0,0,1,0,0,0,0,0,1,0,0,0,0
1643,4,3.75,1995.0,0,0,0,0,0,0,0,0,1,0,0,0,0,0,0,0,0,0,0
987,4,2.5,1997.0,0,0,0,0,0,0,0,0,0,0,0,0,0,0,0,0,1,0,0
1581,1,1.0,1950.0,0,0,0,0,0,0,0,0,0,0,0,0,0,1,0,0,0,0,0
1584,1,1.0,1946.0,0,0,0,0,0,0,0,0,1,0,0,0,0,0,0,0,0,0,0
1669,1,2.0,1996.0,0,0,0,0,0,0,1,0,1,0,0,0,0,1,0,0,0,0,0
1664,4,3.25,1997.0,0,0,0,0,0,1,0,0,0,0,0,0,0,0,0,0,0,0,0
1613,1,4.0,1995.0,0,1,0,0,0,0,0,0,1,0,0,0,0,0,0,0,0,0,0
911,4,2.5,1998.0,0,0,0,0,0,0,1,0,1,0,0,0,0,0,0,0,0,0,0
1130,1,4.0,1994.0,0,0,0,0,0,0,0,1,0,0,0,0,0,0,0,0,0,0,0
1663,1,2.0,1995.0,0,0,0,0,0,0,0,0,1,0,0,0,0,0,0,0,0,1,0
1652,3,1.6666666666666667,1996.0,0,0,0,0,0,0,0,0,0,0,0,0,0,0,1,0,0,0,0
1467,2,5.0,1993.0,0,0,0,0,0,0,0,0,1,0,0,0,0,0,0,0,0,0,0
1634,1,2.0,1994.0,0,0,0,0,0,0,0,0,1,0,0,0,0,0,0,0,0,0,0
1256,3,2.0,1997.0,0,0,0,0,0,0,0,0,1,0,0,0,0,0,0,0,0,0,0
1606,1,2.0,1997.0,0,0,0,0,0,0,1,0,0,0,0,0,0,0,0,0,0,0,0
1544,3,2.6666666666666665,1995.0,0,0,0,0,0,1,0,0,0,0,0,0,0,0,0,0,0,0,0
1622,3,2.3333333333333335,1993.0,0,0,0,0,0,1,0,0,0,0,0,0,0,0,0,0,0,0,0
1329,1,1.0,1994.0,0,0,0,0,0,0,0,0,1,0,0,0,0,0,0,0,0,0,0
1494,1,1.0,1994.0,0,0,0,0,0,1,0,0,0,0,0,0,0,0,0,0,0,0,0
1672,2,2.0,1993.0,0,0,0,0,0,0,0,0,1,0,0,0,0,0,0,0,0,0,0
1673,1,3.0,1995.0,0,1,0,0,0,0,0,0,0,0,0,0,0,0,0,0,1,0,0
1382,4,2.0,1965.0,0,0,0,0,0,0,0,0,1,0,0,0,0,0,0,0,0,0,0
1633,1,3.0,1994.0,0,0,0,0,0,1,0,0,1,0,0,0,0,0,0,0,0,0,0
1677,1,3.0,1995.0,0,0,0,0,0,0,0,0,1,0,0,0,0,0,0,0,0,0,0
1679,1,3.0,1998.0,0,0,0,0,0,0,0,0,0,0,0,0,0,0,1,0,1,0,0
1577,1,1.0,1956.0,0,0,0,0,0,0,0,0,1,0,0,0,0,0,0,0,0,0,0
1666,1,2.0,1996.0,0,0,0,0,0,0,0,0,1,0,0,0,0,0,0,0,0,0,0
1356,3,2.6666666666666665,1996.0,0,0,0,0,0,1,0,0,0,0,0,0,0,0,0,0,0,0,0
1635,1,3.0,1986.0,0,0,0,0,0,0,0,0,1,0,0,0,0,0,0,0,0,0,0
1433,2,2.0,1998.0,0,1,0,0,0,0,0,0,1,0,0,0,0,0,0,0,0,0,0
1648,1,2.0,1997.0,0,0,0,0,0,0,0,0,1,0,0,0,0,0,0,0,0,0,0
1573,2,2.5,1968.0,0,0,0,0,0,0,0,0,0,0,0,1,0,0,0,0,0,0,0
1551,2,2.0,1994.0,0,0,0,0,0,0,0,0,1,0,0,0,0,0,0,0,0,0,0
1631,2,3.5,1993.0,0,0,0,0,0,1,0,0,1,0,0,0,0,0,0,0,0,0,0
1542,2,3.0,1926.0,0,0,0,0,0,0,0,0,1,0,0,0,0,0,0,0,0,0,0
1556,2,2.0,1995.0,0,1,0,0,0,0,0,0,1,0,0,0,0,0,0,0,1,0,0
1678,1,1.0,1997.0,0,0,0,0,0,0,0,0,1,0,0,0,0,0,0,0,0,0,0
1567,1,1.0,1992.0,0,0,0,0,0,1,0,0,0,0,0,0,0,0,0,0,0,0,0
1122,1,5.0,1939.0,0,0,0,0,0,0,1,0,1,0,0,0,0,0,0,0,0,0,0
1201,1,5.0,1996.0,0,0,0,0,0,0,0,1,0,0,0,0,0,0,0,0,0,0,0
1546,1,1.0,1988.0,0,0,0,0,0,0,0,0,1,0,0,0,0,0,0,0,0,0,0
1627,1,3.0,1995.0,0,0,0,0,0,1,0,0,1,0,0,0,0,0,0,0,0,0,0
1676,1,2.0,1996.0,0,0,0,0,0,0,0,0,1,0,0,0,0,0,0,0,0,0,0
1680,1,2.0,1998.0,0,0,0,0,0,0,0,0,1,0,0,0,0,0,1,0,0,0,0
1366,1,1.0,1994.0,0,0,0,0,0,0,0,1,1,0,0,0,0,0,0,0,0,0,0
1611,2,3.0,1996.0,0,0,0,0,0,1,0,0,0,0,0,0,0,0,0,0,0,0,0
1668,1,3.0,1996.0,0,0,0,0,0,1,0,0,0,0,0,0,0,0,0,0,0,0,0
1564,1,1.0,1991.0,0,0,0,0,0,0,0,0,1,0,0,0,0,0,0,0,0,0,0
1604,1,4.0,1948.0,0,0,0,0,0,0,1,0,0,0,1,0,0,0,0,0,1,0,0
1574,1,1.0,1995.0,0,0,0,0,0,0,0,0,0,0,0,0,0,0,0,0,0,1,0
1448,3,3.6666666666666665,1993.0,0,0,0,0,0,0,0,0,1,0,0,0,0,0,0,0,0,0,0
1671,1,1.0,1996.0,0,0,0,0,0,0,0,0,1,0,0,0,0,0,0,0,0,0,0
1625,1,4.0,1997.0,0,0,0,0,0,0,0,0,0,0,0,1,0,0,0,0,1,0,0
1665,1,2.0,1997.0,0,0,0,0,0,0,0,0,1,0,0,0,0,0,0,0,0,0,0
1325,1,1.0,1996.0,0,0,0,0,0,0,0,0,1,0,0,0,0,0,0,0,0,0,0
1670,1,3.0,1998.0,0,0,0,0,0,1,0,0,0,0,0,0,0,0,0,0,1,0,0
1341,1,1.0,1992.0,0,0,0,0,0,0,0,0,1,0,0,0,0,0,0,0,0,0,0
1352,1,1.0,1976.0,0,0,0,0,0,0,0,0,1,0,0,0,0,0,0,0,0,0,0
1636,1,4.0,1995.0,0,0,0,0,0,0,0,0,1,0,0,0,0,0,0,0,0,0,0
1681,1,3.0,1994.0,0,0,0,0,0,1,0,0,0,0,0,0,0,0,0,0,0,0,0
1638,1,3.0,1996.0,0,0,0,0,0,0,1,0,1,0,0,0,0,0,0,0,0,0,0
1667,1,3.0,1995.0,0,0,0,0,0,0,0,0,1,0,0,0,0,0,0,0,0,0,0
1675,1,3.0,1996.0,0,0,0,0,0,0,0,0,1,0,0,0,0,0,0,0,0,0,0
1460,1,3.0,1995.0,0,0,0,0,0,1,0,0,1,0,0,0,0,0,0,0,0,0,0
1594,2,4.5,1998.0,0,0,0,0,0,0,0,1,0,0,0,0,0,0,0,0,0,0,0
1626,1,1.0,1994.0,0,0,0,0,0,1,0,0,1,0,0,0,0,0,0,0,0,0,0
1645,1,4.0,1998.0,0,0,0,0,0,0,0,0,1,0,0,0,0,0,0,0,0,0,0
1659,1,1.0,1996.0,0,0,0,0,0,1,0,0,0,0,0,0,0,0,0,0,0,0,0
1682,1,3.0,1991.0,0,0,0,0,0,0,0,0,1,0,0,0,0,0,0,0,0,0,0
1674,1,4.0,1962.0,0,0,0,0,0,0,0,0,1,0,0,0,0,0,0,0,0,0,0
1640,1,3.0,1996.0,0,0,0,0,0,0,0,0,1,0,0,0,0,0,0,0,0,0,0
1637,1,3.0,1996.0,0,0,0,0,0,0,0,0,1,0,0,0,0,0,0,0,0,0,0
1630,1,3.0,1994.0,0,0,0,0,0,0,0,0,1,0,0,0,0,0,0,0,0,0,0
1641,1,3.0,1995.0,0,0,0,0,0,0,0,1,0,0,0,0,0,0,0,0,0,0,0
